Segment,Country,Product,Discount Band,Units Sold,Manufacturing Price,Sale Price,Gross Sales,Discounts,Sales,COGS,Profit,Date,Month Number,Month Name,Year
Government,Canada, Carretera , None ,161850,300,2000,3237000, $-   ,3237000,1618500,1618500.0,01/01/2014,1, January ,2014
Government,Germany, Carretera , None ,132100,300,2000,2642000, $-   ,2642000,1321000,1321000.0,01/01/2014,1, January ,2014
Midmarket,France, Carretera , None ,217800,300,1500,3267000, $-   ,3267000,2178000,1089000.0,01/06/2014,6, June ,2014
Midmarket,Germany, Carretera , None ,88800,300,1500,1332000, $-   ,1332000,888000,444000.0,01/06/2014,6, June ,2014
Midmarket,Mexico, Carretera , None ,247000,300,1500,3705000, $-   ,3705000,2470000,1235000.0,01/06/2014,6, June ,2014
Government,Germany, Carretera , None ,151300,300,35000,52955000, $-   ,52955000,39338000,13617000.0,01/12/2014,12, December ,2014
Midmarket,Germany, Montana , None ,92100,500,1500,1381500, $-   ,1381500,921000,460500.0,01/03/2014,3, March ,2014
Channel Partners,Canada, Montana , None ,251800,500,1200,3021600, $-   ,3021600,755400,2266200.0,01/06/2014,6, June ,2014
Government,France, Montana , None ,189900,500,2000,3798000, $-   ,3798000,1899000,1899000.0,01/06/2014,6, June ,2014
Channel Partners,Germany, Montana , None ,154500,500,1200,1854000, $-   ,1854000,463500,1390500.0,01/06/2014,6, June ,2014
Midmarket,Mexico, Montana , None ,247000,500,1500,3705000, $-   ,3705000,2470000,1235000.0,01/06/2014,6, June ,2014
Enterprise,Canada, Montana , None ,266550,500,12500,33318750, $-   ,33318750,31986000,1332750.0,01/07/2014,7, July ,2014
Small Business,Mexico, Montana , None ,95800,500,30000,28740000, $-   ,28740000,23950000,4790000.0,01/08/2014,8, August ,2014
Government,Germany, Montana , None ,214600,500,700,1502200, $-   ,1502200,1073000,429200.0,01/09/2014,9, September ,2014
Enterprise,Canada, Montana , None ,34500,500,12500,4312500, $-   ,4312500,4140000,172500.0,01/10/2013,10, October ,2013
Midmarket,United States of America, Montana , None ,61500,500,1500,922500, $-   ,922500,615000,307500.0,01/12/2014,12, December ,2014
Government,Canada, Paseo , None ,29200,1000,2000,584000, $-   ,584000,292000,292000.0,01/02/2014,2, February ,2014
Midmarket,Mexico, Paseo , None ,97400,1000,1500,1461000, $-   ,1461000,974000,487000.0,01/02/2014,2, February ,2014
Channel Partners,Canada, Paseo , None ,251800,1000,1200,3021600, $-   ,3021600,755400,2266200.0,01/06/2014,6, June ,2014
Government,Germany, Paseo , None ,100600,1000,35000,35210000, $-   ,35210000,26156000,9054000.0,01/06/2014,6, June ,2014
Channel Partners,Germany, Paseo , None ,36700,1000,1200,440400, $-   ,440400,110100,330300.0,01/07/2014,7, July ,2014
Government,Mexico, Paseo , None ,88300,1000,700,618100, $-   ,618100,441500,176600.0,01/08/2014,8, August ,2014
Midmarket,France, Paseo , None ,54900,1000,1500,823500, $-   ,823500,549000,274500.0,01/09/2013,9, September ,2013
Small Business,Mexico, Paseo , None ,78800,1000,30000,23640000, $-   ,23640000,19700000,3940000.0,01/09/2013,9, September ,2013
Midmarket,Mexico, Paseo , None ,247200,1000,1500,3708000, $-   ,3708000,2472000,1236000.0,01/09/2014,9, September ,2014
Government,United States of America, Paseo , None ,114300,1000,700,800100, $-   ,800100,571500,228600.0,01/10/2014,10, October ,2014
Government,Canada, Paseo , None ,172500,1000,35000,60375000, $-   ,60375000,44850000,15525000.0,01/11/2013,11, November ,2013
Channel Partners,United States of America, Paseo , None ,91200,1000,1200,1094400, $-   ,1094400,273600,820800.0,01/11/2013,11, November ,2013
Midmarket,Canada, Paseo , None ,215200,1000,1500,3228000, $-   ,3228000,2152000,1076000.0,01/12/2013,12, December ,2013
Government,Canada, Paseo , None ,181700,1000,2000,3634000, $-   ,3634000,1817000,1817000.0,01/12/2014,12, December ,2014
Government,Germany, Paseo , None ,151300,1000,35000,52955000, $-   ,52955000,39338000,13617000.0,01/12/2014,12, December ,2014
Government,Mexico, Velo , None ,149300,12000,700,1045100, $-   ,1045100,746500,298600.0,01/01/2014,1, January ,2014
Enterprise,France, Velo , None ,180400,12000,12500,22550000, $-   ,22550000,21648000,902000.0,01/02/2014,2, February ,2014
Channel Partners,Germany, Velo , None ,216100,12000,1200,2593200, $-   ,2593200,648300,1944900.0,01/03/2014,3, March ,2014
Government,Germany, Velo , None ,100600,12000,35000,35210000, $-   ,35210000,26156000,9054000.0,01/06/2014,6, June ,2014
Channel Partners,Germany, Velo , None ,154500,12000,1200,1854000, $-   ,1854000,463500,1390500.0,01/06/2014,6, June ,2014
Enterprise,United States of America, Velo , None ,282100,12000,12500,35262500, $-   ,35262500,33852000,1410500.0,01/08/2014,8, August ,2014
Enterprise,Canada, Velo , None ,34500,12000,12500,4312500, $-   ,4312500,4140000,172500.0,01/10/2013,10, October ,2013
Small Business,Canada, VTT , None ,200100,25000,30000,60030000, $-   ,60030000,50025000,10005000.0,01/02/2014,2, February ,2014
Channel Partners,Germany, VTT , None ,283800,25000,1200,3405600, $-   ,3405600,851400,2554200.0,01/04/2014,4, April ,2014
Midmarket,France, VTT , None ,217800,25000,1500,3267000, $-   ,3267000,2178000,1089000.0,01/06/2014,6, June ,2014
Midmarket,Germany, VTT , None ,88800,25000,1500,1332000, $-   ,1332000,888000,444000.0,01/06/2014,6, June ,2014
Government,France, VTT , None ,152700,25000,35000,53445000, $-   ,53445000,39702000,13743000.0,01/09/2013,9, September ,2013
Small Business,France, VTT , None ,215100,25000,30000,64530000, $-   ,64530000,53775000,10755000.0,01/09/2014,9, September ,2014
Government,Canada, VTT , None ,181700,25000,2000,3634000, $-   ,3634000,1817000,1817000.0,01/12/2014,12, December ,2014
Government,France, Amarilla , None ,275000,26000,35000,96250000, $-   ,96250000,71500000,24750000.0,01/02/2014,2, February ,2014
Channel Partners,United States of America, Amarilla , None ,195300,26000,1200,2343600, $-   ,2343600,585900,1757700.0,01/04/2014,4, April ,2014
Enterprise,Germany, Amarilla , None ,421950,26000,12500,52743750, $-   ,52743750,50634000,2109750.0,01/04/2014,4, April ,2014
Government,France, Amarilla , None ,189900,26000,2000,3798000, $-   ,3798000,1899000,1899000.0,01/06/2014,6, June ,2014
Government,Germany, Amarilla , None ,168600,26000,700,1180200, $-   ,1180200,843000,337200.0,01/07/2014,7, July ,2014
Channel Partners,United States of America, Amarilla , None ,214100,26000,1200,2569200, $-   ,2569200,642300,1926900.0,01/08/2014,8, August ,2014
Government,United States of America, Amarilla , None ,114300,26000,700,800100, $-   ,800100,571500,228600.0,01/10/2014,10, October ,2014
Midmarket,United States of America, Amarilla , None ,61500,26000,1500,922500, $-   ,922500,615000,307500.0,01/12/2014,12, December ,2014
Government,France, Paseo , Low ,394500,1000,700,2761500, $276.15 ,2733885,1972500,761385.0,01/01/2014,1, January ,2014
Midmarket,France, Paseo , Low ,229600,1000,1500,3444000, $344.40 ,3409560,2296000,1113560.0,01/02/2014,2, February ,2014
Government,France, Paseo , Low ,103000,1000,700,721000, $72.10 ,713790,515000,198790.0,01/05/2014,5, May ,2014
Government,France, Velo , Low ,63900,12000,700,447300, $44.73 ,442827,319500,123327.0,01/11/2014,11, November ,2014
Government,Canada, VTT , Low ,132600,25000,700,928200, $92.82 ,918918,663000,255918.0,01/03/2014,3, March ,2014
Channel Partners,United States of America, Carretera , Low ,185800,300,1200,2229600, $222.96 ,2207304,557400,1649904.0,01/02/2014,2, February ,2014
Government,Mexico, Carretera , Low ,121000,300,35000,42350000," $4,235.00 ",41926500,31460000,10466500.0,01/03/2014,3, March ,2014
Government,United States of America, Carretera , Low ,252900,300,700,1770300, $177.03 ,1752597,1264500,488097.0,01/07/2014,7, July ,2014
Channel Partners,Canada, Carretera , Low ,144500,300,1200,1734000, $173.40 ,1716660,433500,1283160.0,01/09/2014,9, September ,2014
Enterprise,United States of America, Carretera , Low ,33000,300,12500,4125000, $412.50 ,4083750,3960000,123750.0,01/09/2013,9, September ,2013
Channel Partners,France, Carretera , Low ,267100,300,1200,3205200, $320.52 ,3173148,801300,2371848.0,01/09/2014,9, September ,2014
Channel Partners,Germany, Carretera , Low ,76600,300,1200,919200, $91.92 ,910008,229800,680208.0,01/10/2013,10, October ,2013
Small Business,Mexico, Carretera , Low ,49400,300,30000,14820000," $1,482.00 ",14671800,12350000,2321800.0,01/10/2013,10, October ,2013
Government,Mexico, Carretera , Low ,139700,300,35000,48895000," $4,889.50 ",48406050,36322000,12084050.0,01/10/2014,10, October ,2014
Government,France, Carretera , Low ,215500,300,35000,75425000," $7,542.50 ",74670750,56030000,18640750.0,01/12/2014,12, December ,2014
Midmarket,Mexico, Montana , Low ,221400,500,1500,3321000, $332.10 ,3287790,2214000,1073790.0,01/03/2014,3, March ,2014
Small Business,United States of America, Montana , Low ,230100,500,30000,69030000," $6,903.00 ",68339700,57525000,10814700.0,01/04/2014,4, April ,2014
Government,France, Montana , Low ,137550,500,2000,2751000, $275.10 ,2723490,1375500,1347990.0,01/07/2014,7, July ,2014
Government,Canada, Montana , Low ,183000,500,700,1281000, $128.10 ,1268190,915000,353190.0,01/08/2014,8, August ,2014
Small Business,United States of America, Montana , Low ,249800,500,30000,74940000," $7,494.00 ",74190600,62450000,11740600.0,01/09/2013,9, September ,2013
Enterprise,United States of America, Montana , Low ,66300,500,12500,8287500, $828.75 ,8204625,7956000,248625.0,01/10/2013,10, October ,2013
Midmarket,United States of America, Paseo , Low ,151400,1000,1500,2271000, $227.10 ,2248290,1514000,734290.0,01/02/2014,2, February ,2014
Government,United States of America, Paseo , Low ,449250,1000,700,3144750, $314.48 ,3113303,2246250,867053.0,01/04/2014,4, April ,2014
Enterprise,United States of America, Paseo , Low ,72700,1000,12500,9087500, $908.75 ,8996625,8724000,272625.0,01/06/2014,6, June ,2014
Enterprise,France, Paseo , Low ,78700,1000,12500,9837500, $983.75 ,9739125,9444000,295125.0,01/06/2014,6, June ,2014
Enterprise,Mexico, Paseo , Low ,182300,1000,12500,22787500," $2,278.75 ",22559625,21876000,683625.0,01/07/2014,7, July ,2014
Midmarket,Germany, Paseo , Low ,74700,1000,1500,1120500, $112.05 ,1109295,747000,362295.0,01/09/2014,9, September ,2014
Channel Partners,Germany, Paseo , Low ,76600,1000,1200,919200, $91.92 ,910008,229800,680208.0,01/10/2013,10, October ,2013
Small Business,United States of America, Paseo , Low ,290500,1000,30000,87150000," $8,715.00 ",86278500,72625000,13653500.0,01/11/2014,11, November ,2014
Government,France, Paseo , Low ,215500,1000,35000,75425000," $7,542.50 ",74670750,56030000,18640750.0,01/12/2014,12, December ,2014
Government,France, Velo , Low ,386400,12000,2000,7728000, $772.80 ,7650720,3864000,3786720.0,01/04/2014,4, April ,2014
Government,Mexico, Velo , Low ,36200,12000,700,253400, $25.34 ,250866,181000,69866.0,01/05/2014,5, May ,2014
Enterprise,Canada, Velo , Low ,92300,12000,12500,11537500," $1,153.75 ",11422125,11076000,346125.0,01/08/2014,8, August ,2014
Enterprise,United States of America, Velo , Low ,66300,12000,12500,8287500, $828.75 ,8204625,7956000,248625.0,01/10/2013,10, October ,2013
Government,Canada, Velo , Low ,209200,12000,700,1464400, $146.44 ,1449756,1046000,403756.0,01/11/2013,11, November ,2013
Government,Germany, VTT , Low ,26300,25000,700,184100, $18.41 ,182259,131500,50759.0,01/03/2014,3, March ,2014
Government,Canada, VTT , Low ,94350,25000,35000,33022500," $3,302.25 ",32692275,24531000,8161275.0,01/04/2014,4, April ,2014
Enterprise,United States of America, VTT , Low ,72700,25000,12500,9087500, $908.75 ,8996625,8724000,272625.0,01/06/2014,6, June ,2014
Enterprise,France, VTT , Low ,78700,25000,12500,9837500, $983.75 ,9739125,9444000,295125.0,01/06/2014,6, June ,2014
Small Business,Germany, VTT , Low ,98600,25000,30000,29580000," $2,958.00 ",29284200,24650000,4634200.0,01/09/2014,9, September ,2014
Small Business,Mexico, VTT , Low ,49400,25000,30000,14820000," $1,482.00 ",14671800,12350000,2321800.0,01/10/2013,10, October ,2013
Government,Mexico, VTT , Low ,139700,25000,35000,48895000," $4,889.50 ",48406050,36322000,12084050.0,01/10/2014,10, October ,2014
Enterprise,France, VTT , Low ,174400,25000,12500,21800000," $2,180.00 ",21582000,20928000,654000.0,01/11/2014,11, November ,2014
Channel Partners,United States of America, Amarilla , Low ,198900,26000,1200,2386800, $238.68 ,2362932,596700,1766232.0,01/09/2013,9, September ,2013
Midmarket,France, Amarilla , Low ,32100,26000,1500,481500, $48.15 ,476685,321000,155685.0,01/11/2013,11, November ,2013
Enterprise,Canada, Carretera , Low ,74250,300,12500,9281250," $1,856.25 ",9095625,8910000,185625.0,01/04/2014,4, April ,2014
Channel Partners,Canada, Carretera , Low ,129500,300,1200,1554000, $310.80 ,1522920,388500,1134420.0,01/10/2014,10, October ,2014
Small Business,Germany, Carretera , Low ,21400,300,30000,6420000," $1,284.00 ",6291600,5350000,941600.0,01/10/2013,10, October ,2013
Government,France, Carretera , Low ,214500,300,700,1501500, $300.30 ,1471470,1072500,398970.0,01/11/2013,11, November ,2013
Government,Canada, Carretera , Low ,285200,300,35000,99820000," $19,964.00 ",97823600,74152000,23671600.0,01/12/2014,12, December ,2014
Channel Partners,United States of America, Montana , Low ,114200,500,1200,1370400, $274.08 ,1342992,342600,1000392.0,01/06/2014,6, June ,2014
Government,United States of America, Montana , Low ,156600,500,2000,3132000, $626.40 ,3069360,1566000,1503360.0,01/10/2014,10, October ,2014
Channel Partners,Mexico, Montana , Low ,69000,500,1200,828000, $165.60 ,811440,207000,604440.0,01/11/2014,11, November ,2014
Enterprise,Mexico, Montana , Low ,166000,500,12500,20750000," $4,150.00 ",20335000,19920000,415000.0,01/11/2013,11, November ,2013
Midmarket,Canada, Paseo , Low ,236300,1000,1500,3544500, $708.90 ,3473610,2363000,1110610.0,01/02/2014,2, February ,2014
Small Business,France, Paseo , Low ,91800,1000,30000,27540000," $5,508.00 ",26989200,22950000,4039200.0,01/05/2014,5, May ,2014
Small Business,Germany, Paseo , Low ,172800,1000,30000,51840000," $10,368.00 ",50803200,43200000,7603200.0,01/05/2014,5, May ,2014
Channel Partners,United States of America, Paseo , Low ,114200,1000,1200,1370400, $274.08 ,1342992,342600,1000392.0,01/06/2014,6, June ,2014
Enterprise,Mexico, Paseo , Low ,66200,1000,12500,8275000," $1,655.00 ",8109500,7944000,165500.0,01/06/2014,6, June ,2014
Channel Partners,Canada, Paseo , Low ,129500,1000,1200,1554000, $310.80 ,1522920,388500,1134420.0,01/10/2014,10, October ,2014
Enterprise,Germany, Paseo , Low ,80900,1000,12500,10112500," $2,022.50 ",9910250,9708000,202250.0,01/10/2013,10, October ,2013
Enterprise,Mexico, Paseo , Low ,214500,1000,12500,26812500," $5,362.50 ",26276250,25740000,536250.0,01/10/2013,10, October ,2013
Channel Partners,France, Paseo , Low ,178500,1000,1200,2142000, $428.40 ,2099160,535500,1563660.0,01/11/2013,11, November ,2013
Small Business,Canada, Paseo , Low ,191600,1000,30000,57480000," $11,496.00 ",56330400,47900000,8430400.0,01/12/2014,12, December ,2014
Government,Canada, Paseo , Low ,285200,1000,35000,99820000," $19,964.00 ",97823600,74152000,23671600.0,01/12/2014,12, December ,2014
Enterprise,Canada, Paseo , Low ,272900,1000,12500,34112500," $6,822.50 ",33430250,32748000,682250.0,01/12/2014,12, December ,2014
Midmarket,United States of America, Paseo , Low ,192500,1000,1500,2887500, $577.50 ,2829750,1925000,904750.0,01/12/2013,12, December ,2013
Government,United States of America, Paseo , Low ,201300,1000,700,1409100, $281.82 ,1380918,1006500,374418.0,01/12/2013,12, December ,2013
Channel Partners,France, Paseo , Low ,105500,1000,1200,1266000, $253.20 ,1240680,316500,924180.0,01/12/2014,12, December ,2014
Channel Partners,Mexico, Paseo , Low ,108400,1000,1200,1300800, $260.16 ,1274784,325200,949584.0,01/12/2014,12, December ,2014
Government,United States of America, Velo , Low ,156600,12000,2000,3132000, $626.40 ,3069360,1566000,1503360.0,01/10/2014,10, October ,2014
Government,Germany, Velo , Low ,296600,12000,35000,103810000," $20,762.00 ",101733800,77116000,24617800.0,01/10/2013,10, October ,2013
Government,Germany, Velo , Low ,287700,12000,35000,100695000," $20,139.00 ",98681100,74802000,23879100.0,01/10/2014,10, October ,2014
Enterprise,Germany, Velo , Low ,80900,12000,12500,10112500," $2,022.50 ",9910250,9708000,202250.0,01/10/2013,10, October ,2013
Enterprise,Mexico, Velo , Low ,214500,12000,12500,26812500," $5,362.50 ",26276250,25740000,536250.0,01/10/2013,10, October ,2013
Channel Partners,France, Velo , Low ,105500,12000,1200,1266000, $253.20 ,1240680,316500,924180.0,01/12/2014,12, December ,2014
Government,Mexico, Velo , Low ,54400,12000,2000,1088000, $217.60 ,1066240,544000,522240.0,01/12/2013,12, December ,2013
Channel Partners,Mexico, Velo , Low ,108400,12000,1200,1300800, $260.16 ,1274784,325200,949584.0,01/12/2014,12, December ,2014
Enterprise,Mexico, VTT , Low ,66200,25000,12500,8275000," $1,655.00 ",8109500,7944000,165500.0,01/06/2014,6, June ,2014
Small Business,Germany, VTT , Low ,21400,25000,30000,6420000," $1,284.00 ",6291600,5350000,941600.0,01/10/2013,10, October ,2013
Government,Germany, VTT , Low ,287700,25000,35000,100695000," $20,139.00 ",98681100,74802000,23879100.0,01/10/2014,10, October ,2014
Enterprise,Canada, VTT , Low ,272900,25000,12500,34112500," $6,822.50 ",33430250,32748000,682250.0,01/12/2014,12, December ,2014
Government,United States of America, VTT , Low ,26600,25000,35000,9310000," $1,862.00 ",9123800,6916000,2207800.0,01/12/2013,12, December ,2013
Government,Mexico, VTT , Low ,194000,25000,35000,67900000," $13,580.00 ",66542000,50440000,16102000.0,01/12/2013,12, December ,2013
Small Business,Germany, Amarilla , Low ,25900,26000,30000,7770000," $1,554.00 ",7614600,6475000,1139600.0,01/03/2014,3, March ,2014
Small Business,Mexico, Amarilla , Low ,110100,26000,30000,33030000," $6,606.00 ",32369400,27525000,4844400.0,01/03/2014,3, March ,2014
Enterprise,Germany, Amarilla , Low ,227600,26000,12500,28450000," $5,690.00 ",27881000,27312000,569000.0,01/05/2014,5, May ,2014
Government,Germany, Amarilla , Low ,296600,26000,35000,103810000," $20,762.00 ",101733800,77116000,24617800.0,01/10/2013,10, October ,2013
Government,United States of America, Amarilla , Low ,123600,26000,2000,2472000, $494.40 ,2422560,1236000,1186560.0,01/11/2014,11, November ,2014
Government,France, Amarilla , Low ,94100,26000,2000,1882000, $376.40 ,1844360,941000,903360.0,01/11/2014,11, November ,2014
Small Business,Canada, Amarilla , Low ,191600,26000,30000,57480000," $11,496.00 ",56330400,47900000,8430400.0,01/12/2014,12, December ,2014
Enterprise,France, Carretera , Low ,424350,300,12500,53043750," $15,913.13 ",51452438,50922000,530438.0,01/04/2014,4, April ,2014
Government,Germany, Carretera , Low ,258000,300,2000,5160000," $1,548.00 ",5005200,2580000,2425200.0,01/04/2014,4, April ,2014
Small Business,Germany, Carretera , Low ,68900,300,30000,20670000," $6,201.00 ",20049900,17225000,2824900.0,01/06/2014,6, June ,2014
Channel Partners,United States of America, Carretera , Low ,194700,300,1200,2336400, $700.92 ,2266308,584100,1682208.0,01/09/2014,9, September ,2014
Channel Partners,Canada, Carretera , Low ,90800,300,1200,1089600, $326.88 ,1056912,272400,784512.0,01/12/2013,12, December ,2013
Government,Germany, Montana , Low ,195800,500,700,1370600, $411.18 ,1329482,979000,350482.0,01/02/2014,2, February ,2014
Channel Partners,France, Montana , Low ,190100,500,1200,2281200, $684.36 ,2212764,570300,1642464.0,01/06/2014,6, June ,2014
Government,France, Montana , Low ,54400,500,700,380800, $114.24 ,369376,272000,97376.0,01/09/2014,9, September ,2014
Government,Germany, Montana , Low ,179700,500,35000,62895000," $18,868.50 ",61008150,46722000,14286150.0,01/09/2013,9, September ,2013
Enterprise,France, Montana , Low ,128700,500,12500,16087500," $4,826.25 ",15604875,15444000,160875.0,01/12/2014,12, December ,2014
Enterprise,Germany, Montana , Low ,170600,500,12500,21325000," $6,397.50 ",20685250,20472000,213250.0,01/12/2014,12, December ,2014
Small Business,France, Paseo , Low ,243450,1000,30000,73035000," $21,910.50 ",70843950,60862500,9981450.0,01/01/2014,1, January ,2014
Enterprise,Canada, Paseo , Low ,177400,1000,12500,22175000," $6,652.50 ",21509750,21288000,221750.0,01/03/2014,3, March ,2014
Channel Partners,France, Paseo , Low ,190100,1000,1200,2281200, $684.36 ,2212764,570300,1642464.0,01/06/2014,6, June ,2014
Small Business,Germany, Paseo , Low ,68900,1000,30000,20670000," $6,201.00 ",20049900,17225000,2824900.0,01/06/2014,6, June ,2014
Enterprise,Germany, Paseo , Low ,157000,1000,12500,19625000," $5,887.50 ",19036250,18840000,196250.0,01/06/2014,6, June ,2014
Channel Partners,United States of America, Paseo , Low ,136950,1000,1200,1643400, $493.02 ,1594098,410850,1183248.0,01/07/2014,7, July ,2014
Enterprise,Canada, Paseo , Low ,200900,1000,12500,25112500," $7,533.75 ",24359125,24108000,251125.0,01/10/2014,10, October ,2014
Midmarket,Germany, Paseo , Low ,194500,1000,1500,2917500, $875.25 ,2829975,1945000,884975.0,01/10/2013,10, October ,2013
Enterprise,France, Paseo , Low ,128700,1000,12500,16087500," $4,826.25 ",15604875,15444000,160875.0,01/12/2014,12, December ,2014
Enterprise,Germany, Paseo , Low ,170600,1000,12500,21325000," $6,397.50 ",20685250,20472000,213250.0,01/12/2014,12, December ,2014
Enterprise,Canada, Velo , Low ,200900,12000,12500,25112500," $7,533.75 ",24359125,24108000,251125.0,01/10/2014,10, October ,2014
Small Business,United States of America, VTT , Low ,284400,25000,30000,85320000," $25,596.00 ",82760400,71100000,11660400.0,01/02/2014,2, February ,2014
Channel Partners,Mexico, VTT , Low ,191600,25000,1200,2299200, $689.76 ,2230224,574800,1655424.0,01/04/2014,4, April ,2014
Enterprise,Germany, VTT , Low ,157000,25000,12500,19625000," $5,887.50 ",19036250,18840000,196250.0,01/06/2014,6, June ,2014
Small Business,Canada, VTT , Low ,187400,25000,30000,56220000," $16,866.00 ",54533400,46850000,7683400.0,01/08/2014,8, August ,2014
Government,Mexico, VTT , Low ,164200,25000,35000,57470000," $17,241.00 ",55745900,42692000,13053900.0,01/08/2014,8, August ,2014
Midmarket,Germany, VTT , Low ,194500,25000,1500,2917500, $875.25 ,2829975,1945000,884975.0,01/10/2013,10, October ,2013
Government,Canada, Carretera , Low ,83100,300,2000,1662000, $498.60 ,1612140,831000,781140.0,01/05/2014,5, May ,2014
Government,Mexico, Paseo , Low ,176000,1000,700,1232000, $369.60 ,1195040,880000,315040.0,01/09/2013,9, September ,2013
Government,Canada, Velo , Low ,385050,12000,2000,7701000," $2,310.30 ",7469970,3850500,3619470.0,01/04/2014,4, April ,2014
Channel Partners,Germany, VTT , Low ,247900,25000,1200,2974800, $892.44 ,2885556,743700,2141856.0,01/01/2014,1, January ,2014
Midmarket,Mexico, Montana , Low ,203100,500,1500,3046500," $1,218.60 ",2924640,2031000,893640.0,01/10/2014,10, October ,2014
Midmarket,Mexico, Paseo , Low ,203100,1000,1500,3046500," $1,218.60 ",2924640,2031000,893640.0,01/10/2014,10, October ,2014
Midmarket,France, Paseo , Low ,226100,1000,1500,3391500," $1,356.60 ",3255840,2261000,994840.0,01/12/2013,12, December ,2013
Government,United States of America, Velo , Low ,73600,12000,2000,1472000, $588.80 ,1413120,736000,677120.0,01/09/2013,9, September ,2013
Government,Canada, Carretera , Low ,285100,300,700,1995700, $798.28 ,1915872,1425500,490372.0,01/10/2013,10, October ,2013
Small Business,Germany, Carretera , Low ,202100,300,30000,60630000," $24,252.00 ",58204800,50525000,7679800.0,01/10/2014,10, October ,2014
Government,United States of America, Carretera , Low ,27400,300,35000,9590000," $3,836.00 ",9206400,7124000,2082400.0,01/12/2014,12, December ,2014
Midmarket,Canada, Montana , Low ,196700,500,1500,2950500," $1,180.20 ",2832480,1967000,865480.0,01/03/2014,3, March ,2014
Small Business,Germany, Montana , Low ,185900,500,30000,55770000," $22,308.00 ",53539200,46475000,7064200.0,01/08/2014,8, August ,2014
Government,Canada, Montana , Low ,285100,500,700,1995700, $798.28 ,1915872,1425500,490372.0,01/10/2013,10, October ,2013
Small Business,Germany, Montana , Low ,202100,500,30000,60630000," $24,252.00 ",58204800,50525000,7679800.0,01/10/2014,10, October ,2014
Enterprise,Mexico, Montana , Low ,113800,500,12500,14225000," $5,690.00 ",13656000,13656000,,01/12/2014,12, December ,2014
Government,Canada, Paseo , Low ,425100,1000,700,2975700," $1,190.28 ",2856672,2125500,731172.0,01/01/2014,1, January ,2014
Enterprise,Germany, Paseo , Low ,79500,1000,12500,9937500," $3,975.00 ",9540000,9540000,,01/03/2014,3, March ,2014
Small Business,Germany, Paseo , Low ,141450,1000,30000,42435000," $16,974.00 ",40737600,35362500,5375100.0,01/04/2014,4, April ,2014
Small Business,United States of America, Paseo , Low ,291800,1000,30000,87540000," $35,016.00 ",84038400,72950000,11088400.0,01/05/2014,5, May ,2014
Government,United States of America, Paseo , Low ,345000,1000,35000,120750000," $48,300.00 ",115920000,89700000,26220000.0,01/07/2014,7, July ,2014
Enterprise,France, Paseo , Low ,298800,1000,12500,37350000," $14,940.00 ",35856000,35856000,,01/07/2014,7, July ,2014
Midmarket,Canada, Paseo , Low ,21800,1000,1500,327000, $130.80 ,313920,218000,95920.0,01/09/2014,9, September ,2014
Government,Canada, Paseo , Low ,207400,1000,2000,4148000," $1,659.20 ",3982080,2074000,1908080.0,01/09/2014,9, September ,2014
Government,United States of America, Paseo , Low ,105600,1000,2000,2112000, $844.80 ,2027520,1056000,971520.0,01/09/2014,9, September ,2014
Midmarket,United States of America, Paseo , Low ,67100,1000,1500,1006500, $402.60 ,966240,671000,295240.0,01/10/2013,10, October ,2013
Midmarket,Mexico, Paseo , Low ,151400,1000,1500,2271000, $908.40 ,2180160,1514000,666160.0,01/10/2013,10, October ,2013
Government,United States of America, Paseo , Low ,27400,1000,35000,9590000," $3,836.00 ",9206400,7124000,2082400.0,01/12/2014,12, December ,2014
Enterprise,Mexico, Paseo , Low ,113800,1000,12500,14225000," $5,690.00 ",13656000,13656000,,01/12/2014,12, December ,2014
Channel Partners,United States of America, Velo , Low ,146500,12000,1200,1758000, $703.20 ,1687680,439500,1248180.0,01/03/2014,3, March ,2014
Government,Canada, Velo , Low ,264600,12000,2000,5292000," $2,116.80 ",5080320,2646000,2434320.0,01/09/2013,9, September ,2013
Government,France, Velo , Low ,217700,12000,35000,76195000," $30,478.00 ",73147200,56602000,16545200.0,01/10/2014,10, October ,2014
Channel Partners,France, VTT , Low ,86600,25000,1200,1039200, $415.68 ,997632,259800,737832.0,01/05/2014,5, May ,2014
Government,United States of America, VTT , Low ,34900,25000,35000,12215000," $4,886.00 ",11726400,9074000,2652400.0,01/09/2013,9, September ,2013
Government,France, VTT , Low ,217700,25000,35000,76195000," $30,478.00 ",73147200,56602000,16545200.0,01/10/2014,10, October ,2014
Midmarket,Mexico, VTT , Low ,151400,25000,1500,2271000, $908.40 ,2180160,1514000,666160.0,01/10/2013,10, October ,2013
Government,Mexico, Amarilla , Low ,186500,26000,35000,65275000," $26,110.00 ",62664000,48490000,14174000.0,01/02/2014,2, February ,2014
Enterprise,Mexico, Amarilla , Low ,107400,26000,12500,13425000," $5,370.00 ",12888000,12888000,,01/04/2014,4, April ,2014
Government,Germany, Amarilla , Low ,190700,26000,35000,66745000," $26,698.00 ",64075200,49582000,14493200.0,01/09/2014,9, September ,2014
Midmarket,United States of America, Amarilla , Low ,67100,26000,1500,1006500, $402.60 ,966240,671000,295240.0,01/10/2013,10, October ,2013
Government,Canada, Amarilla , Low ,177800,26000,35000,62230000," $24,892.00 ",59740800,46228000,13512800.0,01/12/2013,12, December ,2013
Government,Germany, Montana , Medium ,115900,500,700,811300, $405.65 ,770735,579500,191235.0,01/10/2013,10, October ,2013
Government,Germany, Paseo , Medium ,137200,1000,700,960400, $480.20 ,912380,686000,226380.0,01/01/2014,1, January ,2014
Government,Canada, Paseo , Medium ,234900,1000,700,1644300, $822.15 ,1562085,1174500,387585.0,01/09/2013,9, September ,2013
Government,Mexico, Paseo , Medium ,268900,1000,700,1882300, $941.15 ,1788185,1344500,443685.0,01/10/2014,10, October ,2014
Channel Partners,Canada, Paseo , Medium ,243100,1000,1200,2917200," $1,458.60 ",2771340,729300,2042040.0,01/12/2014,12, December ,2014
Channel Partners,Canada, Velo , Medium ,243100,12000,1200,2917200," $1,458.60 ",2771340,729300,2042040.0,01/12/2014,12, December ,2014
Government,Mexico, VTT , Medium ,268900,25000,700,1882300, $941.15 ,1788185,1344500,443685.0,01/10/2014,10, October ,2014
Government,Mexico, Amarilla , Medium ,168300,26000,700,1178100, $589.05 ,1119195,841500,277695.0,01/07/2014,7, July ,2014
Channel Partners,Mexico, Amarilla , Medium ,112300,26000,1200,1347600, $673.80 ,1280220,336900,943320.0,01/08/2014,8, August ,2014
Government,Germany, Amarilla , Medium ,115900,26000,700,811300, $405.65 ,770735,579500,191235.0,01/10/2013,10, October ,2013
Channel Partners,France, Carretera , Medium ,186500,300,1200,2238000," $1,119.00 ",2126100,559500,1566600.0,01/02/2014,2, February ,2014
Channel Partners,Germany, Carretera , Medium ,111600,300,1200,1339200, $669.60 ,1272240,334800,937440.0,01/02/2014,2, February ,2014
Government,France, Carretera , Medium ,156300,300,2000,3126000," $1,563.00 ",2969700,1563000,1406700.0,01/05/2014,5, May ,2014
Small Business,United States of America, Carretera , Medium ,99100,300,30000,29730000," $14,865.00 ",28243500,24775000,3468500.0,01/06/2014,6, June ,2014
Government,Germany, Carretera , Medium ,101600,300,700,711200, $355.60 ,675640,508000,167640.0,01/11/2013,11, November ,2013
Midmarket,Mexico, Carretera , Medium ,279100,300,1500,4186500," $2,093.25 ",3977175,2791000,1186175.0,01/11/2014,11, November ,2014
Government,United States of America, Carretera , Medium ,57000,300,700,399000, $199.50 ,379050,285000,94050.0,01/12/2014,12, December ,2014
Government,France, Carretera , Medium ,248700,300,700,1740900, $870.45 ,1653855,1243500,410355.0,01/12/2014,12, December ,2014
Government,France, Montana , Medium ,138450,500,35000,48457500," $24,228.75 ",46034625,35997000,10037625.0,01/01/2014,1, January ,2014
Enterprise,United States of America, Montana , Medium ,362700,500,12500,45337500," $22,668.75 ",43070625,43524000,453375.0,01/07/2014,7, July ,2014
Government,Mexico, Montana , Medium ,72000,500,35000,25200000," $12,600.00 ",23940000,18720000,5220000.0,01/09/2013,9, September ,2013
Channel Partners,Germany, Montana , Medium ,234200,500,1200,2810400," $1,405.20 ",2669880,702600,1967280.0,01/11/2014,11, November ,2014
Small Business,Mexico, Montana , Medium ,110000,500,30000,33000000," $16,500.00 ",31350000,27500000,3850000.0,01/12/2013,12, December ,2013
Government,France, Paseo , Medium ,130300,1000,2000,2606000," $1,303.00 ",2475700,1303000,1172700.0,01/02/2014,2, February ,2014
Enterprise,United States of America, Paseo , Medium ,299200,1000,12500,37400000," $18,700.00 ",35530000,35904000,374000.0,01/03/2014,3, March ,2014
Enterprise,France, Paseo , Medium ,238500,1000,12500,29812500," $14,906.25 ",28321875,28620000,298125.0,01/03/2014,3, March ,2014
Small Business,Mexico, Paseo , Medium ,160700,1000,30000,48210000," $24,105.00 ",45799500,40175000,5624500.0,01/04/2014,4, April ,2014
Government,United States of America, Paseo , Medium ,232700,1000,700,1628900, $814.45 ,1547455,1163500,383955.0,01/05/2014,5, May ,2014
Small Business,United States of America, Paseo , Medium ,99100,1000,30000,29730000," $14,865.00 ",28243500,24775000,3468500.0,01/06/2014,6, June ,2014
Government,United States of America, Paseo , Medium ,60200,1000,35000,21070000," $10,535.00 ",20016500,15652000,4364500.0,01/06/2014,6, June ,2014
Midmarket,France, Paseo , Medium ,262000,1000,1500,3930000," $1,965.00 ",3733500,2620000,1113500.0,01/09/2014,9, September ,2014
Government,Canada, Paseo , Medium ,122800,1000,35000,42980000," $21,490.00 ",40831000,31928000,8903000.0,01/10/2013,10, October ,2013
Government,Canada, Paseo , Medium ,138900,1000,2000,2778000," $1,389.00 ",2639100,1389000,1250100.0,01/10/2013,10, October ,2013
Enterprise,United States of America, Paseo , Medium ,86100,1000,12500,10762500," $5,381.25 ",10224375,10332000,107625.0,01/10/2014,10, October ,2014
Enterprise,France, Paseo , Medium ,70400,1000,12500,8800000," $4,400.00 ",8360000,8448000,88000.0,01/10/2013,10, October ,2013
Government,Canada, Paseo , Medium ,180200,1000,2000,3604000," $1,802.00 ",3423800,1802000,1621800.0,01/12/2013,12, December ,2013
Government,United States of America, Paseo , Medium ,266300,1000,2000,5326000," $2,663.00 ",5059700,2663000,2396700.0,01/12/2014,12, December ,2014
Government,France, Paseo , Medium ,213600,1000,700,1495200, $747.60 ,1420440,1068000,352440.0,01/12/2013,12, December ,2013
Midmarket,Germany, Paseo , Medium ,211600,1000,1500,3174000," $1,587.00 ",3015300,2116000,899300.0,01/12/2013,12, December ,2013
Midmarket,United States of America, Velo , Medium ,55500,12000,1500,832500, $416.25 ,790875,555000,235875.0,01/01/2014,1, January ,2014
Midmarket,Mexico, Velo , Medium ,286100,12000,1500,4291500," $2,145.75 ",4076925,2861000,1215925.0,01/01/2014,1, January ,2014
Enterprise,Germany, Velo , Medium ,80700,12000,12500,10087500," $5,043.75 ",9583125,9684000,100875.0,01/02/2014,2, February ,2014
Government,United States of America, Velo , Medium ,60200,12000,35000,21070000," $10,535.00 ",20016500,15652000,4364500.0,01/06/2014,6, June ,2014
Government,United States of America, Velo , Medium ,283200,12000,2000,5664000," $2,832.00 ",5380800,2832000,2548800.0,01/08/2014,8, August ,2014
Government,France, Velo , Medium ,157900,12000,2000,3158000," $1,579.00 ",3000100,1579000,1421100.0,01/08/2014,8, August ,2014
Enterprise,United States of America, Velo , Medium ,86100,12000,12500,10762500," $5,381.25 ",10224375,10332000,107625.0,01/10/2014,10, October ,2014
Enterprise,France, Velo , Medium ,70400,12000,12500,8800000," $4,400.00 ",8360000,8448000,88000.0,01/10/2013,10, October ,2013
Government,France, Velo , Medium ,103300,12000,2000,2066000," $1,033.00 ",1962700,1033000,929700.0,01/12/2013,12, December ,2013
Small Business,Germany, Velo , Medium ,125000,12000,30000,37500000," $18,750.00 ",35625000,31250000,4375000.0,01/12/2014,12, December ,2014
Government,Canada, VTT , Medium ,138900,25000,2000,2778000," $1,389.00 ",2639100,1389000,1250100.0,01/10/2013,10, October ,2013
Government,United States of America, VTT , Medium ,126500,25000,2000,2530000," $1,265.00 ",2403500,1265000,1138500.0,01/11/2013,11, November ,2013
Government,Germany, VTT , Medium ,229700,25000,2000,4594000," $2,297.00 ",4364300,2297000,2067300.0,01/11/2013,11, November ,2013
Government,United States of America, VTT , Medium ,266300,25000,2000,5326000," $2,663.00 ",5059700,2663000,2396700.0,01/12/2014,12, December ,2014
Government,United States of America, VTT , Medium ,57000,25000,700,399000, $199.50 ,379050,285000,94050.0,01/12/2014,12, December ,2014
Government,France, VTT , Medium ,248700,25000,700,1740900, $870.45 ,1653855,1243500,410355.0,01/12/2014,12, December ,2014
Government,Germany, Amarilla , Medium ,135000,26000,35000,47250000," $23,625.00 ",44887500,35100000,9787500.0,01/02/2014,2, February ,2014
Government,Canada, Amarilla , Medium ,55200,26000,35000,19320000," $9,660.00 ",18354000,14352000,4002000.0,01/08/2014,8, August ,2014
Government,Canada, Amarilla , Medium ,122800,26000,35000,42980000," $21,490.00 ",40831000,31928000,8903000.0,01/10/2013,10, October ,2013
Small Business,Germany, Amarilla , Medium ,125000,26000,30000,37500000," $18,750.00 ",35625000,31250000,4375000.0,01/12/2014,12, December ,2014
Midmarket,France, Paseo , Medium ,380100,1000,1500,5701500," $3,420.90 ",5359410,3801000,1558410.0,01/04/2014,4, April ,2014
Government,United States of America, Carretera , Medium ,111750,300,2000,2235000," $1,341.00 ",2100900,1117500,983400.0,01/01/2014,1, January ,2014
Midmarket,Canada, Carretera , Medium ,284400,300,1500,4266000," $2,559.60 ",4010040,2844000,1166040.0,01/06/2014,6, June ,2014
Channel Partners,Mexico, Carretera , Medium ,56200,300,1200,674400, $404.64 ,633936,168600,465336.0,01/09/2014,9, September ,2014
Channel Partners,Canada, Carretera , Medium ,229900,300,1200,2758800," $1,655.28 ",2593272,689700,1903572.0,01/10/2013,10, October ,2013
Midmarket,United States of America, Carretera , Medium ,203000,300,1500,3045000," $1,827.00 ",2862300,2030000,832300.0,01/11/2014,11, November ,2014
Government,United States of America, Carretera , Medium ,26300,300,700,184100, $110.46 ,173054,131500,41554.0,01/11/2013,11, November ,2013
Enterprise,Germany, Carretera , Medium ,88700,300,12500,11087500," $6,652.50 ",10422250,10644000,221750.0,01/12/2013,12, December ,2013
Government,Mexico, Montana , Medium ,98000,500,35000,34300000," $20,580.00 ",32242000,25480000,6762000.0,01/04/2014,4, April ,2014
Government,Germany, Montana , Medium ,146000,500,35000,51100000," $30,660.00 ",48034000,37960000,10074000.0,01/05/2014,5, May ,2014
Government,France, Montana , Medium ,140300,500,700,982100, $589.26 ,923174,701500,221674.0,01/10/2013,10, October ,2013
Channel Partners,United States of America, Montana , Medium ,272300,500,1200,3267600," $1,960.56 ",3071544,816900,2254644.0,01/11/2014,11, November ,2014
Government,France, Paseo , Medium ,149600,1000,35000,52360000," $31,416.00 ",49218400,38896000,10322400.0,01/06/2014,6, June ,2014
Channel Partners,Canada, Paseo , Medium ,229900,1000,1200,2758800," $1,655.28 ",2593272,689700,1903572.0,01/10/2013,10, October ,2013
Government,United States of America, Paseo , Medium ,72700,1000,35000,25445000," $15,267.00 ",23918300,18902000,5016300.0,01/10/2013,10, October ,2013
Enterprise,Canada, Velo , Medium ,95200,12000,12500,11900000," $7,140.00 ",11186000,11424000,238000.0,01/02/2014,2, February ,2014
Enterprise,United States of America, Velo , Medium ,275500,12000,12500,34437500," $20,662.50 ",32371250,33060000,688750.0,01/02/2014,2, February ,2014
Midmarket,Germany, Velo , Medium ,153000,12000,1500,2295000," $1,377.00 ",2157300,1530000,627300.0,01/05/2014,5, May ,2014
Government,France, Velo , Medium ,149600,12000,35000,52360000," $31,416.00 ",49218400,38896000,10322400.0,01/06/2014,6, June ,2014
Government,Mexico, Velo , Medium ,149800,12000,700,1048600, $629.16 ,985684,749000,236684.0,01/06/2014,6, June ,2014
Small Business,France, Velo , Medium ,122100,12000,30000,36630000," $21,978.00 ",34432200,30525000,3907200.0,01/10/2013,10, October ,2013
Government,France, Velo , Medium ,207600,12000,35000,72660000," $43,596.00 ",68300400,53976000,14324400.0,01/10/2013,10, October ,2013
Midmarket,Canada, VTT , Medium ,284400,25000,1500,4266000," $2,559.60 ",4010040,2844000,1166040.0,01/06/2014,6, June ,2014
Government,Mexico, VTT , Medium ,149800,25000,700,1048600, $629.16 ,985684,749000,236684.0,01/06/2014,6, June ,2014
Small Business,France, VTT , Medium ,122100,25000,30000,36630000," $21,978.00 ",34432200,30525000,3907200.0,01/10/2013,10, October ,2013
Government,Mexico, VTT , Medium ,112300,25000,2000,2246000," $1,347.60 ",2111240,1123000,988240.0,01/11/2013,11, November ,2013
Small Business,Canada, VTT , Medium ,243600,25000,30000,73080000," $43,848.00 ",68695200,60900000,7795200.0,01/12/2013,12, December ,2013
Enterprise,France, Amarilla , Medium ,198750,26000,12500,24843750," $14,906.25 ",23353125,23850000,496875.0,01/01/2014,1, January ,2014
Government,Mexico, Amarilla , Medium ,167900,26000,35000,58765000," $35,259.00 ",55239100,43654000,11585100.0,01/09/2014,9, September ,2014
Government,United States of America, Amarilla , Medium ,72700,26000,35000,25445000," $15,267.00 ",23918300,18902000,5016300.0,01/10/2013,10, October ,2013
Government,France, Amarilla , Medium ,140300,26000,700,982100, $589.26 ,923174,701500,221674.0,01/10/2013,10, October ,2013
Government,France, Amarilla , Medium ,207600,26000,35000,72660000," $43,596.00 ",68300400,53976000,14324400.0,01/10/2013,10, October ,2013
Government,France, Montana , Medium ,175700,500,2000,3514000," $2,108.40 ",3303160,1757000,1546160.0,01/10/2013,10, October ,2013
Midmarket,United States of America, Paseo , Medium ,219800,1000,1500,3297000," $1,978.20 ",3099180,2198000,901180.0,01/08/2014,8, August ,2014
Midmarket,Germany, Paseo , Medium ,174300,1000,1500,2614500," $1,568.70 ",2457630,1743000,714630.0,01/08/2014,8, August ,2014
Midmarket,United States of America, Paseo , Medium ,115300,1000,1500,1729500," $1,037.70 ",1625730,1153000,472730.0,01/10/2014,10, October ,2014
Government,France, Paseo , Medium ,175700,1000,2000,3514000," $2,108.40 ",3303160,1757000,1546160.0,01/10/2013,10, October ,2013
Government,Germany, Velo , Medium ,100100,12000,2000,2002000," $1,201.20 ",1881880,1001000,880880.0,01/08/2014,8, August ,2014
Government,Mexico, Velo , Medium ,133300,12000,700,933100, $559.86 ,877114,666500,210614.0,01/11/2014,11, November ,2014
Midmarket,United States of America, VTT , Medium ,115300,25000,1500,1729500," $1,037.70 ",1625730,1153000,472730.0,01/10/2014,10, October ,2014
Channel Partners,Mexico, Carretera , Medium ,72700,300,1200,872400, $610.68 ,811332,218100,593232.0,01/02/2014,2, February ,2014
Channel Partners,Canada, Carretera , Medium ,188400,300,1200,2260800," $1,582.56 ",2102544,565200,1537344.0,01/08/2014,8, August ,2014
Government,Mexico, Carretera , Medium ,183400,300,2000,3668000," $2,567.60 ",3411240,1834000,1577240.0,01/09/2013,9, September ,2013
Channel Partners,Mexico, Montana , Medium ,234000,500,1200,2808000," $1,965.60 ",2611440,702000,1909440.0,01/01/2014,1, January ,2014
Channel Partners,France, Montana , Medium ,234200,500,1200,2810400," $1,967.28 ",2613672,702600,1911072.0,01/11/2014,11, November ,2014
Government,France, Paseo , Medium ,103100,1000,700,721700, $505.19 ,671181,515500,155681.0,01/09/2013,9, September ,2013
Midmarket,Canada, Velo , Medium ,126200,12000,1500,1893000," $1,325.10 ",1760490,1262000,498490.0,01/05/2014,5, May ,2014
Government,Canada, Velo , Medium ,113500,12000,700,794500, $556.15 ,738885,567500,171385.0,01/06/2014,6, June ,2014
Government,United States of America, Velo , Medium ,54700,12000,700,382900, $268.03 ,356097,273500,82597.0,01/11/2014,11, November ,2014
Government,Canada, Velo , Medium ,158200,12000,700,1107400, $775.18 ,1029882,791000,238882.0,01/12/2014,12, December ,2014
Channel Partners,France, VTT , Medium ,173850,25000,1200,2086200," $1,460.34 ",1940166,521550,1418616.0,01/04/2014,4, April ,2014
Channel Partners,Germany, VTT , Medium ,221500,25000,1200,2658000," $1,860.60 ",2471940,664500,1807440.0,01/09/2013,9, September ,2013
Government,Canada, VTT , Medium ,158200,25000,700,1107400, $775.18 ,1029882,791000,238882.0,01/12/2014,12, December ,2014
Government,Canada, Amarilla , Medium ,113500,26000,700,794500, $556.15 ,738885,567500,171385.0,01/06/2014,6, June ,2014
Government,United States of America, Carretera , Medium ,176100,300,35000,61635000," $43,144.50 ",57320550,45786000,11534550.0,01/03/2014,3, March ,2014
Small Business,France, Carretera , Medium ,44800,300,30000,13440000," $9,408.00 ",12499200,11200000,1299200.0,01/06/2014,6, June ,2014
Small Business,France, Carretera , Medium ,218100,300,30000,65430000," $45,801.00 ",60849900,54525000,6324900.0,01/10/2014,10, October ,2014
Government,France, Montana , Medium ,197600,500,2000,3952000," $2,766.40 ",3675360,1976000,1699360.0,01/10/2014,10, October ,2014
Small Business,France, Montana , Medium ,218100,500,30000,65430000," $45,801.00 ",60849900,54525000,6324900.0,01/10/2014,10, October ,2014
Enterprise,Germany, Montana , Medium ,250000,500,12500,31250000," $21,875.00 ",29062500,30000000,937500.0,01/11/2013,11, November ,2013
Small Business,Canada, Paseo , Medium ,170200,1000,30000,51060000," $35,742.00 ",47485800,42550000,4935800.0,01/05/2014,5, May ,2014
Small Business,France, Paseo , Medium ,44800,1000,30000,13440000," $9,408.00 ",12499200,11200000,1299200.0,01/06/2014,6, June ,2014
Enterprise,Germany, Paseo , Medium ,351300,1000,12500,43912500," $30,738.75 ",40838625,42156000,1317375.0,01/07/2014,7, July ,2014
Midmarket,France, Paseo , Medium ,210100,1000,1500,3151500," $2,206.05 ",2930895,2101000,829895.0,01/08/2014,8, August ,2014
Midmarket,United States of America, Paseo , Medium ,293100,1000,1500,4396500," $3,077.55 ",4088745,2931000,1157745.0,01/09/2013,9, September ,2013
Government,France, Paseo , Medium ,153500,1000,2000,3070000," $2,149.00 ",2855100,1535000,1320100.0,01/09/2014,9, September ,2014
Small Business,Germany, Paseo , Medium ,112300,1000,30000,33690000," $23,583.00 ",31331700,28075000,3256700.0,01/09/2013,9, September ,2013
Small Business,Canada, Paseo , Medium ,140400,1000,30000,42120000," $29,484.00 ",39171600,35100000,4071600.0,01/11/2013,11, November ,2013
Channel Partners,Mexico, Paseo , Medium ,276300,1000,1200,3315600," $2,320.92 ",3083508,828900,2254608.0,01/11/2013,11, November ,2013
Government,Germany, Paseo , Medium ,212500,1000,700,1487500," $1,041.25 ",1383375,1062500,320875.0,01/12/2013,12, December ,2013
Small Business,France, Velo , Medium ,165900,12000,30000,49770000," $34,839.00 ",46286100,41475000,4811100.0,01/07/2014,7, July ,2014
Government,Mexico, Velo , Medium ,60900,12000,2000,1218000, $852.60 ,1132740,609000,523740.0,01/08/2014,8, August ,2014
Enterprise,Germany, Velo , Medium ,208700,12000,12500,26087500," $18,261.25 ",24261375,25044000,782625.0,01/09/2014,9, September ,2014
Government,France, Velo , Medium ,197600,12000,2000,3952000," $2,766.40 ",3675360,1976000,1699360.0,01/10/2014,10, October ,2014
Government,United States of America, Velo , Medium ,142100,12000,2000,2842000," $1,989.40 ",2643060,1421000,1222060.0,01/12/2013,12, December ,2013
Small Business,United States of America, Velo , Medium ,137200,12000,30000,41160000," $28,812.00 ",38278800,34300000,3978800.0,01/12/2014,12, December ,2014
Government,Germany, Velo , Medium ,58800,12000,2000,1176000, $823.20 ,1093680,588000,505680.0,01/12/2013,12, December ,2013
Channel Partners,Canada, VTT , Medium ,324450,25000,1200,3893400," $2,725.38 ",3620862,973350,2647512.0,01/01/2014,1, January ,2014
Small Business,France, VTT , Medium ,95900,25000,30000,28770000," $20,139.00 ",26756100,23975000,2781100.0,01/02/2014,2, February ,2014
Small Business,Mexico, VTT , Medium ,274700,25000,30000,82410000," $57,687.00 ",76641300,68675000,7966300.0,01/02/2014,2, February ,2014
Enterprise,Canada, Amarilla , Medium ,164500,26000,12500,20562500," $14,393.75 ",19123125,19740000,616875.0,01/05/2014,5, May ,2014
Government,France, Amarilla , Medium ,287600,26000,35000,100660000," $70,462.00 ",93613800,74776000,18837800.0,01/09/2014,9, September ,2014
Enterprise,Germany, Amarilla , Medium ,99400,26000,12500,12425000," $8,697.50 ",11555250,11928000,372750.0,01/09/2013,9, September ,2013
Government,Canada, Amarilla , Medium ,111800,26000,2000,2236000," $1,565.20 ",2079480,1118000,961480.0,01/11/2014,11, November ,2014
Small Business,United States of America, Amarilla , Medium ,137200,26000,30000,41160000," $28,812.00 ",38278800,34300000,3978800.0,01/12/2014,12, December ,2014
Government,Canada, Montana , Medium ,48800,500,700,341600, $273.28 ,314272,244000,70272.0,01/02/2014,2, February ,2014
Government,United States of America, Montana , Medium ,128200,500,2000,2564000," $2,051.20 ",2358880,1282000,1076880.0,01/06/2014,6, June ,2014
Government,Canada, Paseo , Medium ,25700,1000,700,179900, $143.92 ,165508,128500,37008.0,01/05/2014,5, May ,2014
Government,United States of America, Amarilla , Medium ,128200,26000,2000,2564000," $2,051.20 ",2358880,1282000,1076880.0,01/06/2014,6, June ,2014
Enterprise,Mexico, Carretera , Medium ,154000,300,12500,19250000," $15,400.00 ",17710000,18480000,770000.0,01/08/2014,8, August ,2014
Midmarket,France, Carretera , Medium ,49000,300,1500,735000, $588.00 ,676200,490000,186200.0,01/11/2014,11, November ,2014
Government,Mexico, Carretera , Medium ,136200,300,35000,47670000," $38,136.00 ",43856400,35412000,8444400.0,01/12/2014,12, December ,2014
Midmarket,France, Montana , Medium ,250100,500,1500,3751500," $3,001.20 ",3451380,2501000,950380.0,01/03/2014,3, March ,2014
Government,Canada, Montana , Medium ,70800,500,2000,1416000," $1,132.80 ",1302720,708000,594720.0,01/06/2014,6, June ,2014
Government,Germany, Montana , Medium ,64500,500,2000,1290000," $1,032.00 ",1186800,645000,541800.0,01/07/2014,7, July ,2014
Small Business,France, Montana , Medium ,156200,500,30000,46860000," $37,488.00 ",43111200,39050000,4061200.0,01/08/2014,8, August ,2014
Small Business,Canada, Montana , Medium ,128300,500,30000,38490000," $30,792.00 ",35410800,32075000,3335800.0,01/09/2013,9, September ,2013
Midmarket,Germany, Montana , Medium ,71100,500,1500,1066500, $853.20 ,981180,711000,270180.0,01/12/2014,12, December ,2014
Enterprise,Mexico, Paseo , Medium ,111400,1000,12500,13925000," $11,140.00 ",12811000,13368000,557000.0,01/03/2014,3, March ,2014
Government,Germany, Paseo , Medium ,125900,1000,700,881300, $705.04 ,810796,629500,181296.0,01/04/2014,4, April ,2014
Government,Germany, Paseo , Medium ,109500,1000,700,766500, $613.20 ,705180,547500,157680.0,01/05/2014,5, May ,2014
Government,Germany, Paseo , Medium ,136600,1000,2000,2732000," $2,185.60 ",2513440,1366000,1147440.0,01/06/2014,6, June ,2014
Small Business,Mexico, Paseo , Medium ,246000,1000,30000,73800000," $59,040.00 ",67896000,61500000,6396000.0,01/06/2014,6, June ,2014
Government,United States of America, Paseo , Medium ,67800,1000,700,474600, $379.68 ,436632,339000,97632.0,01/08/2014,8, August ,2014
Government,Germany, Paseo , Medium ,159800,1000,700,1118600, $894.88 ,1029112,799000,230112.0,01/08/2014,8, August ,2014
Government,Germany, Paseo , Medium ,240900,1000,700,1686300," $1,349.04 ",1551396,1204500,346896.0,01/09/2013,9, September ,2013
Government,Germany, Paseo , Medium ,193400,1000,2000,3868000," $3,094.40 ",3558560,1934000,1624560.0,01/09/2014,9, September ,2014
Government,Mexico, Paseo , Medium ,299300,1000,2000,5986000," $4,788.80 ",5507120,2993000,2514120.0,01/09/2014,9, September ,2014
Government,Germany, Paseo , Medium ,214600,1000,35000,75110000," $60,088.00 ",69101200,55796000,13305200.0,01/11/2013,11, November ,2013
Government,Mexico, Paseo , Medium ,194600,1000,700,1362200," $1,089.76 ",1253224,973000,280224.0,01/12/2013,12, December ,2013
Government,Mexico, Paseo , Medium ,136200,1000,35000,47670000," $38,136.00 ",43856400,35412000,8444400.0,01/12/2014,12, December ,2014
Channel Partners,Canada, Velo , Medium ,59800,12000,1200,717600, $574.08 ,660192,179400,480792.0,01/03/2014,3, March ,2014
Government,United States of America, Velo , Medium ,290700,12000,700,2034900," $1,627.92 ",1872108,1453500,418608.0,01/06/2014,6, June ,2014
Government,Germany, Velo , Medium ,233800,12000,700,1636600," $1,309.28 ",1505672,1169000,336672.0,01/06/2014,6, June ,2014
Small Business,France, Velo , Medium ,38600,12000,30000,11580000," $9,264.00 ",10653600,9650000,1003600.0,01/11/2013,11, November ,2013
Small Business,Mexico, Velo , Medium ,63500,12000,30000,19050000," $15,240.00 ",17526000,15875000,1651000.0,01/12/2014,12, December ,2014
Government,France, VTT , Medium ,57450,25000,35000,20107500," $16,086.00 ",18498900,14937000,3561900.0,01/04/2014,4, April ,2014
Government,Germany, VTT , Medium ,233800,25000,700,1636600," $1,309.28 ",1505672,1169000,336672.0,01/06/2014,6, June ,2014
Government,France, VTT , Medium ,38100,25000,35000,13335000," $10,668.00 ",12268200,9906000,2362200.0,01/08/2014,8, August ,2014
Government,Germany, VTT , Medium ,42200,25000,35000,14770000," $11,816.00 ",13588400,10972000,2616400.0,01/08/2014,8, August ,2014
Small Business,Canada, VTT , Medium ,213400,25000,30000,64020000," $51,216.00 ",58898400,53350000,5548400.0,01/09/2014,9, September ,2014
Small Business,United States of America, VTT , Medium ,80800,25000,30000,24240000," $19,392.00 ",22300800,20200000,2100800.0,01/12/2013,12, December ,2013
Government,Canada, Amarilla , Medium ,70800,26000,2000,1416000," $1,132.80 ",1302720,708000,594720.0,01/06/2014,6, June ,2014
Government,United States of America, Amarilla , Medium ,290700,26000,700,2034900," $1,627.92 ",1872108,1453500,418608.0,01/06/2014,6, June ,2014
Government,Germany, Amarilla , Medium ,136600,26000,2000,2732000," $2,185.60 ",2513440,1366000,1147440.0,01/06/2014,6, June ,2014
Small Business,Mexico, Amarilla , Medium ,246000,26000,30000,73800000," $59,040.00 ",67896000,61500000,6396000.0,01/06/2014,6, June ,2014
Government,Germany, Amarilla , Medium ,152000,26000,2000,3040000," $2,432.00 ",2796800,1520000,1276800.0,01/11/2014,11, November ,2014
Midmarket,Germany, Amarilla , Medium ,71100,26000,1500,1066500, $853.20 ,981180,711000,270180.0,01/12/2014,12, December ,2014
Channel Partners,Mexico, Amarilla , Medium ,137500,26000,1200,1650000," $1,320.00 ",1518000,412500,1105500.0,01/12/2013,12, December ,2013
Small Business,Mexico, Amarilla , Medium ,63500,26000,30000,19050000," $15,240.00 ",17526000,15875000,1651000.0,01/12/2014,12, December ,2014
Government,United States of America, VTT , Medium ,43650,25000,2000,873000, $698.40 ,803160,436500,366660.0,01/07/2014,7, July ,2014
Small Business,Canada, Carretera , Medium ,109400,300,30000,32820000," $29,538.00 ",29866200,27350000,2516200.0,01/06/2014,6, June ,2014
Channel Partners,Mexico, Carretera , Medium ,36700,300,1200,440400, $396.36 ,400764,110100,290664.0,01/10/2013,10, October ,2013
Small Business,Canada, Montana , Medium ,380250,500,30000,114075000," $1,02,667.50 ",103808250,95062500,8745750.0,01/04/2014,4, April ,2014
Government,France, Montana , Medium ,166600,500,35000,58310000," $52,479.00 ",53062100,43316000,9746100.0,01/05/2014,5, May ,2014
Small Business,France, Montana , Medium ,32200,500,30000,9660000," $8,694.00 ",8790600,8050000,740600.0,01/09/2013,9, September ,2013
Channel Partners,Canada, Montana , Medium ,232100,500,1200,2785200," $2,506.68 ",2534532,696300,1838232.0,01/11/2014,11, November ,2014
Enterprise,France, Montana , Medium ,185700,500,12500,23212500," $20,891.25 ",21123375,22284000,1160625.0,01/11/2013,11, November ,2013
Government,Canada, Montana , Medium ,161100,500,700,1127700," $1,014.93 ",1026207,805500,220707.0,01/12/2013,12, December ,2013
Enterprise,United States of America, Montana , Medium ,279700,500,12500,34962500," $31,466.25 ",31815875,33564000,1748125.0,01/12/2014,12, December ,2014
Small Business,Germany, Montana , Medium ,33400,500,30000,10020000," $9,018.00 ",9118200,8350000,768200.0,01/12/2013,12, December ,2013
Small Business,Mexico, Paseo , Medium ,256500,1000,30000,76950000," $69,255.00 ",70024500,64125000,5899500.0,01/01/2014,1, January ,2014
Government,Mexico, Paseo , Medium ,241700,1000,35000,84595000," $76,135.50 ",76981450,62842000,14139450.0,01/01/2014,1, January ,2014
Midmarket,United States of America, Paseo , Medium ,367500,1000,1500,5512500," $4,961.25 ",5016375,3675000,1341375.0,01/04/2014,4, April ,2014
Small Business,Canada, Paseo , Medium ,109400,1000,30000,32820000," $29,538.00 ",29866200,27350000,2516200.0,01/06/2014,6, June ,2014
Midmarket,France, Paseo , Medium ,122700,1000,1500,1840500," $1,656.45 ",1674855,1227000,447855.0,01/10/2014,10, October ,2014
Channel Partners,Mexico, Paseo , Medium ,36700,1000,1200,440400, $396.36 ,400764,110100,290664.0,01/10/2013,10, October ,2013
Small Business,France, Paseo , Medium ,132400,1000,30000,39720000," $35,748.00 ",36145200,33100000,3045200.0,01/11/2014,11, November ,2014
Channel Partners,Germany, Paseo , Medium ,177500,1000,1200,2130000," $1,917.00 ",1938300,532500,1405800.0,01/11/2013,11, November ,2013
Enterprise,United States of America, Paseo , Medium ,279700,1000,12500,34962500," $31,466.25 ",31815875,33564000,1748125.0,01/12/2014,12, December ,2014
Midmarket,Mexico, Velo , Medium ,24500,12000,1500,367500, $330.75 ,334425,245000,89425.0,01/05/2014,5, May ,2014
Small Business,Canada, Velo , Medium ,379350,12000,30000,113805000," $1,02,424.50 ",103562550,94837500,8725050.0,01/07/2014,7, July ,2014
Government,Germany, Velo , Medium ,130700,12000,35000,45745000," $41,170.50 ",41627950,33982000,7645950.0,01/07/2014,7, July ,2014
Enterprise,Canada, Velo , Medium ,56700,12000,12500,7087500," $6,378.75 ",6449625,6804000,354375.0,01/09/2014,9, September ,2014
Enterprise,Mexico, Velo , Medium ,211000,12000,12500,26375000," $23,737.50 ",24001250,25320000,1318750.0,01/09/2014,9, September ,2014
Government,Canada, Velo , Medium ,126900,12000,35000,44415000," $39,973.50 ",40417650,32994000,7423650.0,01/10/2014,10, October ,2014
Channel Partners,United States of America, VTT , Medium ,195600,25000,1200,2347200," $2,112.48 ",2135952,586800,1549152.0,01/01/2014,1, January ,2014
Small Business,Germany, VTT , Medium ,265900,25000,30000,79770000," $71,793.00 ",72590700,66475000,6115700.0,01/02/2014,2, February ,2014
Government,United States of America, VTT , Medium ,135150,25000,35000,47302500," $42,572.25 ",43045275,35139000,7906275.0,01/04/2014,4, April ,2014
Channel Partners,Germany, VTT , Medium ,88000,25000,1200,1056000, $950.40 ,960960,264000,696960.0,01/05/2014,5, May ,2014
Small Business,United States of America, VTT , Medium ,186700,25000,30000,56010000," $50,409.00 ",50969100,46675000,4294100.0,01/09/2014,9, September ,2014
Channel Partners,France, VTT , Medium ,223400,25000,1200,2680800," $2,412.72 ",2439528,670200,1769328.0,01/09/2013,9, September ,2013
Midmarket,France, VTT , Medium ,122700,25000,1500,1840500," $1,656.45 ",1674855,1227000,447855.0,01/10/2014,10, October ,2014
Enterprise,Mexico, VTT , Medium ,87700,25000,12500,10962500," $9,866.25 ",9975875,10524000,548125.0,01/11/2014,11, November ,2014
Government,United States of America, Amarilla , Medium ,207100,26000,35000,72485000," $65,236.50 ",65961350,53846000,12115350.0,01/09/2014,9, September ,2014
Government,Canada, Amarilla , Medium ,126900,26000,35000,44415000," $39,973.50 ",40417650,32994000,7423650.0,01/10/2014,10, October ,2014
Midmarket,Germany, Amarilla , Medium ,97000,26000,1500,1455000," $1,309.50 ",1324050,970000,354050.0,01/11/2013,11, November ,2013
Government,Mexico, Amarilla , Medium ,169400,26000,2000,3388000," $3,049.20 ",3083080,1694000,1389080.0,01/11/2014,11, November ,2014
Government,Germany, Carretera , Medium ,66300,300,2000,1326000," $1,193.40 ",1206660,663000,543660.0,01/05/2014,5, May ,2014
Government,Canada, Carretera , Medium ,81900,300,700,573300, $515.97 ,521703,409500,112203.0,01/07/2014,7, July ,2014
Channel Partners,Germany, Carretera , Medium ,158000,300,1200,1896000," $1,706.40 ",1725360,474000,1251360.0,01/09/2014,9, September ,2014
Government,Mexico, Carretera , Medium ,52100,300,700,364700, $328.23 ,331877,260500,71377.0,01/12/2014,12, December ,2014
Government,United States of America, Paseo , Medium ,97300,1000,2000,1946000," $1,751.40 ",1770860,973000,797860.0,01/03/2014,3, March ,2014
Government,Mexico, Paseo , Medium ,103800,1000,2000,2076000," $1,868.40 ",1889160,1038000,851160.0,01/06/2014,6, June ,2014
Government,Germany, Paseo , Medium ,36000,1000,700,252000, $226.80 ,229320,180000,49320.0,01/10/2014,10, October ,2014
Channel Partners,France, Velo , Medium ,196700,12000,1200,2360400," $2,124.36 ",2147964,590100,1557864.0,01/03/2014,3, March ,2014
Midmarket,Mexico, Velo , Medium ,262800,12000,1500,3942000," $3,547.80 ",3587220,2628000,959220.0,01/04/2014,4, April ,2014
Government,Germany, VTT , Medium ,36000,25000,700,252000, $226.80 ,229320,180000,49320.0,01/10/2014,10, October ,2014
Government,France, VTT , Medium ,268200,25000,2000,5364000," $4,827.60 ",4881240,2682000,2199240.0,01/11/2013,11, November ,2013
Government,Mexico, VTT , Medium ,52100,25000,700,364700, $328.23 ,331877,260500,71377.0,01/12/2014,12, December ,2014
Government,Mexico, Amarilla , Medium ,103800,26000,2000,2076000," $1,868.40 ",1889160,1038000,851160.0,01/06/2014,6, June ,2014
Midmarket,Canada, Amarilla , Medium ,163050,26000,1500,2445750," $2,201.18 ",2225633,1630500,595133.0,01/07/2014,7, July ,2014
Channel Partners,France, Amarilla , Medium ,30600,26000,1200,367200, $330.48 ,334152,91800,242352.0,01/12/2013,12, December ,2013
Channel Partners,United States of America, Carretera , High ,38600,300,1200,463200, $463.20 ,416880,115800,301080.0,01/10/2013,10, October ,2013
Government,United States of America, Montana , High ,232800,500,700,1629600," $1,629.60 ",1466640,1164000,302640.0,01/09/2014,9, September ,2014
Channel Partners,United States of America, Paseo , High ,38600,1000,1200,463200, $463.20 ,416880,115800,301080.0,01/10/2013,10, October ,2013
Enterprise,United States of America, Carretera , High ,344550,300,12500,43068750," $43,068.75 ",38761875,41346000,2584125.0,01/04/2014,4, April ,2014
Enterprise,France, Carretera , High ,148200,300,12500,18525000," $18,525.00 ",16672500,17784000,1111500.0,01/12/2013,12, December ,2013
Government,United States of America, Montana , High ,231300,500,35000,80955000," $80,955.00 ",72859500,60138000,12721500.0,01/05/2014,5, May ,2014
Enterprise,United States of America, Montana , High ,180400,500,12500,22550000," $22,550.00 ",20295000,21648000,1353000.0,01/11/2013,11, November ,2013
Midmarket,France, Montana , High ,207200,500,1500,3108000," $3,108.00 ",2797200,2072000,725200.0,01/12/2014,12, December ,2014
Government,France, Paseo , High ,195400,1000,2000,3908000," $3,908.00 ",3517200,1954000,1563200.0,01/03/2014,3, March ,2014
Small Business,Mexico, Paseo , High ,59100,1000,30000,17730000," $17,730.00 ",15957000,14775000,1182000.0,01/05/2014,5, May ,2014
Midmarket,France, Paseo , High ,216700,1000,1500,3250500," $3,250.50 ",2925450,2167000,758450.0,01/10/2013,10, October ,2013
Government,Germany, Paseo , High ,24100,1000,2000,482000, $482.00 ,433800,241000,192800.0,01/10/2014,10, October ,2014
Midmarket,Germany, Velo , High ,68100,12000,1500,1021500," $1,021.50 ",919350,681000,238350.0,01/01/2014,1, January ,2014
Midmarket,Germany, Velo , High ,51000,12000,1500,765000, $765.00 ,688500,510000,178500.0,01/04/2014,4, April ,2014
Midmarket,United States of America, Velo , High ,79000,12000,1500,1185000," $1,185.00 ",1066500,790000,276500.0,01/05/2014,5, May ,2014
Government,France, Velo , High ,63900,12000,35000,22365000," $22,365.00 ",20128500,16614000,3514500.0,01/07/2014,7, July ,2014
Enterprise,United States of America, Velo , High ,159600,12000,12500,19950000," $19,950.00 ",17955000,19152000,1197000.0,01/09/2014,9, September ,2014
Small Business,United States of America, Velo , High ,229400,12000,30000,68820000," $68,820.00 ",61938000,57350000,4588000.0,01/10/2013,10, October ,2013
Government,Germany, Velo , High ,24100,12000,2000,482000, $482.00 ,433800,241000,192800.0,01/10/2014,10, October ,2014
Government,Germany, Velo , High ,266500,12000,700,1865500," $1,865.50 ",1678950,1332500,346450.0,01/11/2014,11, November ,2014
Enterprise,Canada, Velo , High ,191600,12000,12500,23950000," $23,950.00 ",21555000,22992000,1437000.0,01/12/2013,12, December ,2013
Small Business,France, Velo , High ,85300,12000,30000,25590000," $25,590.00 ",23031000,21325000,1706000.0,01/12/2014,12, December ,2014
Enterprise,Mexico, VTT , High ,34100,25000,12500,4262500," $4,262.50 ",3836250,4092000,255750.0,01/05/2014,5, May ,2014
Midmarket,Mexico, VTT , High ,64100,25000,1500,961500, $961.50 ,865350,641000,224350.0,01/07/2014,7, July ,2014
Government,United States of America, VTT , High ,280700,25000,35000,98245000," $98,245.00 ",88420500,72982000,15438500.0,01/08/2014,8, August ,2014
Small Business,Mexico, VTT , High ,43200,25000,30000,12960000," $12,960.00 ",11664000,10800000,864000.0,01/09/2014,9, September ,2014
Small Business,United States of America, VTT , High ,229400,25000,30000,68820000," $68,820.00 ",61938000,57350000,4588000.0,01/10/2013,10, October ,2013
Midmarket,France, VTT , High ,216700,25000,1500,3250500," $3,250.50 ",2925450,2167000,758450.0,01/10/2013,10, October ,2013
Enterprise,Canada, VTT , High ,252900,25000,12500,31612500," $31,612.50 ",28451250,30348000,1896750.0,01/11/2014,11, November ,2014
Government,Germany, VTT , High ,187000,25000,35000,65450000," $65,450.00 ",58905000,48620000,10285000.0,01/12/2013,12, December ,2013
Enterprise,United States of America, Amarilla , High ,57900,26000,12500,7237500," $7,237.50 ",6513750,6948000,434250.0,01/01/2014,1, January ,2014
Government,Canada, Amarilla , High ,224000,26000,35000,78400000," $78,400.00 ",70560000,58240000,12320000.0,01/02/2014,2, February ,2014
Small Business,United States of America, Amarilla , High ,299300,26000,30000,89790000," $89,790.00 ",80811000,74825000,5986000.0,01/03/2014,3, March ,2014
Channel Partners,Canada, Amarilla , High ,352050,26000,1200,4224600," $4,224.60 ",3802140,1056150,2745990.0,01/04/2014,4, April ,2014
Government,Mexico, Amarilla , High ,203900,26000,2000,4078000," $4,078.00 ",3670200,2039000,1631200.0,01/05/2014,5, May ,2014
Channel Partners,Germany, Amarilla , High ,257400,26000,1200,3088800," $3,088.80 ",2779920,772200,2007720.0,01/08/2014,8, August ,2014
Government,Canada, Amarilla , High ,70700,26000,35000,24745000," $24,745.00 ",22270500,18382000,3888500.0,01/09/2014,9, September ,2014
Midmarket,France, Amarilla , High ,207200,26000,1500,3108000," $3,108.00 ",2797200,2072000,725200.0,01/12/2014,12, December ,2014
Small Business,France, Amarilla , High ,85300,26000,30000,25590000," $25,590.00 ",23031000,21325000,1706000.0,01/12/2014,12, December ,2014
Channel Partners,France, Carretera , High ,119800,300,1200,1437600," $1,581.36 ",1279464,359400,920064.0,01/10/2013,10, October ,2013
Government,France, Paseo , High ,253200,1000,700,1772400," $1,949.64 ",1577436,1266000,311436.0,01/04/2014,4, April ,2014
Channel Partners,France, Paseo , High ,119800,1000,1200,1437600," $1,581.36 ",1279464,359400,920064.0,01/10/2013,10, October ,2013
Midmarket,Canada, Velo , High ,38400,12000,1500,576000, $633.60 ,512640,384000,128640.0,01/01/2014,1, January ,2014
Channel Partners,Germany, Velo , High ,47200,12000,1200,566400, $623.04 ,504096,141600,362496.0,01/10/2014,10, October ,2014
Government,United States of America, VTT , High ,157900,25000,700,1105300," $1,215.83 ",983717,789500,194217.0,01/03/2014,3, March ,2014
Channel Partners,Mexico, VTT , High ,100500,25000,1200,1206000," $1,326.60 ",1073340,301500,771840.0,01/09/2013,9, September ,2013
Midmarket,United States of America, Amarilla , High ,319950,26000,1500,4799250," $5,279.18 ",4271333,3199500,1071833.0,01/07/2014,7, July ,2014
Channel Partners,Germany, Amarilla , High ,47200,26000,1200,566400, $623.04 ,504096,141600,362496.0,01/10/2014,10, October ,2014
Channel Partners,Canada, Carretera , High ,193700,300,1200,2324400," $2,556.84 ",2068716,581100,1487616.0,01/02/2014,2, February ,2014
Government,Germany, Carretera , High ,79200,300,35000,27720000," $30,492.00 ",24670800,20592000,4078800.0,01/03/2014,3, March ,2014
Small Business,Germany, Carretera , High ,281100,300,30000,84330000," $92,763.00 ",75053700,70275000,4778700.0,01/07/2014,7, July ,2014
Enterprise,France, Carretera , High ,244100,300,12500,30512500," $33,563.75 ",27156125,29292000,2135875.0,01/10/2014,10, October ,2014
Midmarket,Canada, Carretera , High ,156000,300,1500,2340000," $2,574.00 ",2082600,1560000,522600.0,01/11/2013,11, November ,2013
Government,Mexico, Carretera , High ,270600,300,700,1894200," $2,083.62 ",1685838,1353000,332838.0,01/11/2013,11, November ,2013
Government,Germany, Montana , High ,76600,500,35000,26810000," $29,491.00 ",23860900,19916000,3944900.0,01/01/2014,1, January ,2014
Government,Germany, Montana , High ,299200,500,2000,5984000," $6,582.40 ",5325760,2992000,2333760.0,01/10/2013,10, October ,2013
Midmarket,Mexico, Montana , High ,215700,500,1500,3235500," $3,559.05 ",2879595,2157000,722595.0,01/12/2014,12, December ,2014
Small Business,Canada, Paseo , High ,87300,1000,30000,26190000," $28,809.00 ",23309100,21825000,1484100.0,01/01/2014,1, January ,2014
Government,Mexico, Paseo , High ,112200,1000,2000,2244000," $2,468.40 ",1997160,1122000,875160.0,01/03/2014,3, March ,2014
Government,Canada, Paseo , High ,210450,1000,35000,73657500," $81,023.25 ",65555175,54717000,10838175.0,01/07/2014,7, July ,2014
Channel Partners,Canada, Paseo , High ,402600,1000,1200,4831200," $5,314.32 ",4299768,1207800,3091968.0,01/07/2014,7, July ,2014
Channel Partners,France, Paseo , High ,242550,1000,1200,2910600," $3,201.66 ",2590434,727650,1862784.0,01/07/2014,7, July ,2014
Government,Canada, Paseo , High ,239400,1000,2000,4788000," $5,266.80 ",4261320,2394000,1867320.0,01/08/2014,8, August ,2014
Midmarket,Mexico, Paseo , High ,198400,1000,1500,2976000," $3,273.60 ",2648640,1984000,664640.0,01/08/2014,8, August ,2014
Enterprise,France, Paseo , High ,244100,1000,12500,30512500," $33,563.75 ",27156125,29292000,2135875.0,01/10/2014,10, October ,2014
Government,Germany, Paseo , High ,299200,1000,2000,5984000," $6,582.40 ",5325760,2992000,2333760.0,01/10/2013,10, October ,2013
Small Business,Canada, Paseo , High ,136600,1000,30000,40980000," $45,078.00 ",36472200,34150000,2322200.0,01/11/2014,11, November ,2014
Government,France, Velo , High ,280500,12000,2000,5610000," $6,171.00 ",4992900,2805000,2187900.0,01/09/2013,9, September ,2013
Midmarket,Mexico, Velo , High ,65500,12000,1500,982500," $1,080.75 ",874425,655000,219425.0,01/09/2013,9, September ,2013
Government,Mexico, Velo , High ,34400,12000,35000,12040000," $13,244.00 ",10715600,8944000,1771600.0,01/10/2013,10, October ,2013
Government,Canada, Velo , High ,180800,12000,700,1265600," $1,392.16 ",1126384,904000,222384.0,01/11/2014,11, November ,2014
Channel Partners,France, VTT , High ,173400,25000,1200,2080800," $2,288.88 ",1851912,520200,1331712.0,01/01/2014,1, January ,2014
Enterprise,Mexico, VTT , High ,55400,25000,12500,6925000," $7,617.50 ",6163250,6648000,484750.0,01/01/2014,1, January ,2014
Government,Canada, VTT , High ,293500,25000,2000,5870000," $6,457.00 ",5224300,2935000,2289300.0,01/11/2013,11, November ,2013
Enterprise,Germany, Amarilla , High ,316500,26000,12500,39562500," $43,518.75 ",35210625,37980000,2769375.0,01/01/2014,1, January ,2014
Government,Mexico, Amarilla , High ,262900,26000,2000,5258000," $5,783.80 ",4679620,2629000,2050620.0,01/01/2014,1, January ,2014
Enterprise,France, Amarilla , High ,143300,26000,12500,17912500," $19,703.75 ",15942125,17196000,1253875.0,01/05/2014,5, May ,2014
Enterprise,Mexico, Amarilla , High ,94700,26000,12500,11837500," $13,021.25 ",10535375,11364000,828625.0,01/09/2013,9, September ,2013
Government,Mexico, Amarilla , High ,34400,26000,35000,12040000," $13,244.00 ",10715600,8944000,1771600.0,01/10/2013,10, October ,2013
Midmarket,Mexico, Amarilla , High ,215700,26000,1500,3235500," $3,559.05 ",2879595,2157000,722595.0,01/12/2014,12, December ,2014
Government,United States of America, Paseo , High ,38000,1000,700,266000, $292.60 ,236740,190000,46740.0,01/09/2013,9, September ,2013
Government,Mexico, Carretera , High ,88600,300,35000,31010000," $37,212.00 ",27288800,23036000,4252800.0,01/06/2014,6, June ,2014
Enterprise,Canada, Carretera , High ,241600,300,12500,30200000," $36,240.00 ",26576000,28992000,2416000.0,01/09/2013,9, September ,2013
Enterprise,Mexico, Carretera , High ,215600,300,12500,26950000," $32,340.00 ",23716000,25872000,2156000.0,01/10/2014,10, October ,2014
Midmarket,Canada, Carretera , High ,268900,300,1500,4033500," $4,840.20 ",3549480,2689000,860480.0,01/11/2014,11, November ,2014
Midmarket,United States of America, Montana , High ,67700,500,1500,1015500," $1,218.60 ",893640,677000,216640.0,01/03/2014,3, March ,2014
Small Business,France, Montana , High ,177300,500,30000,53190000," $63,828.00 ",46807200,44325000,2482200.0,01/04/2014,4, April ,2014
Government,Mexico, Montana , High ,242000,500,700,1694000," $2,032.80 ",1490720,1210000,280720.0,01/09/2014,9, September ,2014
Government,Canada, Montana , High ,273400,500,700,1913800," $2,296.56 ",1684144,1367000,317144.0,01/10/2014,10, October ,2014
Government,Mexico, Montana , High ,171500,500,2000,3430000," $4,116.00 ",3018400,1715000,1303400.0,01/10/2013,10, October ,2013
Small Business,France, Montana , High ,118600,500,30000,35580000," $42,696.00 ",31310400,29650000,1660400.0,01/12/2013,12, December ,2013
Small Business,United States of America, Paseo , High ,349500,1000,30000,104850000," $1,25,820.00 ",92268000,87375000,4893000.0,01/01/2014,1, January ,2014
Government,Mexico, Paseo , High ,88600,1000,35000,31010000," $37,212.00 ",27288800,23036000,4252800.0,01/06/2014,6, June ,2014
Enterprise,Mexico, Paseo , High ,215600,1000,12500,26950000," $32,340.00 ",23716000,25872000,2156000.0,01/10/2014,10, October ,2014
Government,Mexico, Paseo , High ,90500,1000,2000,1810000," $2,172.00 ",1592800,905000,687800.0,01/10/2014,10, October ,2014
Government,Mexico, Paseo , High ,171500,1000,2000,3430000," $4,116.00 ",3018400,1715000,1303400.0,01/10/2013,10, October ,2013
Government,France, Paseo , High ,159400,1000,35000,55790000," $66,948.00 ",49095200,41444000,7651200.0,01/11/2014,11, November ,2014
Small Business,Germany, Paseo , High ,135900,1000,30000,40770000," $48,924.00 ",35877600,33975000,1902600.0,01/11/2014,11, November ,2014
Small Business,Mexico, Paseo , High ,215000,1000,30000,64500000," $77,400.00 ",56760000,53750000,3010000.0,01/11/2014,11, November ,2014
Government,Mexico, Paseo , High ,119700,1000,35000,41895000," $50,274.00 ",36867600,31122000,5745600.0,01/11/2014,11, November ,2014
Midmarket,Mexico, Paseo , High ,38000,1000,1500,570000, $684.00 ,501600,380000,121600.0,01/12/2013,12, December ,2013
Government,Mexico, Paseo , High ,123300,1000,2000,2466000," $2,959.20 ",2170080,1233000,937080.0,01/12/2014,12, December ,2014
Government,Mexico, Velo , High ,139500,12000,35000,48825000," $58,590.00 ",42966000,36270000,6696000.0,01/07/2014,7, July ,2014
Government,United States of America, Velo , High ,98600,12000,35000,34510000," $41,412.00 ",30368800,25636000,4732800.0,01/10/2014,10, October ,2014
Government,Mexico, Velo , High ,90500,12000,2000,1810000," $2,172.00 ",1592800,905000,687800.0,01/10/2014,10, October ,2014
Channel Partners,Canada, VTT , High ,210900,25000,1200,2530800," $3,036.96 ",2227104,632700,1594404.0,01/05/2014,5, May ,2014
Midmarket,France, VTT , High ,387450,25000,1500,5811750," $6,974.10 ",5114340,3874500,1239840.0,01/07/2014,7, July ,2014
Government,Canada, VTT , High ,62300,25000,35000,21805000," $26,166.00 ",19188400,16198000,2990400.0,01/09/2013,9, September ,2013
Government,United States of America, VTT , High ,98600,25000,35000,34510000," $41,412.00 ",30368800,25636000,4732800.0,01/10/2014,10, October ,2014
Enterprise,United States of America, VTT , High ,238700,25000,12500,29837500," $35,805.00 ",26257000,28644000,2387000.0,01/11/2014,11, November ,2014
Government,Mexico, VTT , High ,123300,25000,2000,2466000," $2,959.20 ",2170080,1233000,937080.0,01/12/2014,12, December ,2014
Government,United States of America, Amarilla , High ,27000,26000,35000,9450000," $11,340.00 ",8316000,7020000,1296000.0,01/02/2014,2, February ,2014
Government,France, Amarilla , High ,342150,26000,700,2395050," $2,874.06 ",2107644,1710750,396894.0,01/07/2014,7, July ,2014
Government,Canada, Amarilla , High ,273400,26000,700,1913800," $2,296.56 ",1684144,1367000,317144.0,01/10/2014,10, October ,2014
Midmarket,United States of America, Amarilla , High ,254800,26000,1500,3822000," $4,586.40 ",3363360,2548000,815360.0,01/11/2013,11, November ,2013
Government,France, Carretera , High ,252150,300,2000,5043000," $6,051.60 ",4437840,2521500,1916340.0,01/01/2014,1, January ,2014
Channel Partners,Mexico, Montana , High ,266100,500,1200,3193200," $3,831.84 ",2810016,798300,2011716.0,01/05/2014,5, May ,2014
Government,Germany, Paseo , High ,153100,1000,2000,3062000," $3,674.40 ",2694560,1531000,1163560.0,01/12/2014,12, December ,2014
Government,France, VTT , High ,149100,25000,700,1043700," $1,252.44 ",918456,745500,172956.0,01/03/2014,3, March ,2014
Government,Germany, VTT , High ,153100,25000,2000,3062000," $3,674.40 ",2694560,1531000,1163560.0,01/12/2014,12, December ,2014
Channel Partners,Canada, Amarilla , High ,276100,26000,1200,3313200," $3,975.84 ",2915616,828300,2087316.0,01/09/2013,9, September ,2013
Midmarket,United States of America, Carretera , High ,256700,300,1500,3850500," $5,005.65 ",3349935,2567000,782935.0,01/06/2014,6, June ,2014
Midmarket,United States of America, VTT , High ,256700,25000,1500,3850500," $5,005.65 ",3349935,2567000,782935.0,01/06/2014,6, June ,2014
Government,Canada, Carretera , High ,92300,300,35000,32305000," $41,996.50 ",28105350,23998000,4107350.0,01/03/2014,3, March ,2014
Government,France, Carretera , High ,179000,300,35000,62650000," $81,445.00 ",54505500,46540000,7965500.0,01/03/2014,3, March ,2014
Government,Germany, Carretera , High ,44200,300,2000,884000," $1,149.20 ",769080,442000,327080.0,01/09/2013,9, September ,2013
Government,United States of America, Montana , High ,98250,500,35000,34387500," $44,703.75 ",29917125,25545000,4372125.0,01/01/2014,1, January ,2014
Government,United States of America, Montana , High ,129800,500,700,908600," $1,181.18 ",790482,649000,141482.0,01/02/2014,2, February ,2014
Channel Partners,Mexico, Montana , High ,60400,500,1200,724800, $942.24 ,630576,181200,449376.0,01/06/2014,6, June ,2014
Government,Mexico, Montana , High ,225500,500,2000,4510000," $5,863.00 ",3923700,2255000,1668700.0,01/07/2014,7, July ,2014
Government,Canada, Montana , High ,124900,500,2000,2498000," $3,247.40 ",2173260,1249000,924260.0,01/10/2014,10, October ,2014
Government,United States of America, Paseo , High ,143850,1000,700,1006950," $1,309.04 ",876047,719250,156797.0,01/01/2014,1, January ,2014
Small Business,Germany, Paseo , High ,80700,1000,30000,24210000," $31,473.00 ",21062700,20175000,887700.0,01/01/2014,1, January ,2014
Government,United States of America, Paseo , High ,264100,1000,2000,5282000," $6,866.60 ",4595340,2641000,1954340.0,01/02/2014,2, February ,2014
Government,Germany, Paseo , High ,270800,1000,2000,5416000," $7,040.80 ",4711920,2708000,2003920.0,01/02/2014,2, February ,2014
Government,Canada, Paseo , High ,263200,1000,35000,92120000," $1,19,756.00 ",80144400,68432000,11712400.0,01/06/2014,6, June ,2014
Enterprise,Canada, Paseo , High ,158300,1000,12500,19787500," $25,723.75 ",17215125,18996000,1780875.0,01/06/2014,6, June ,2014
Channel Partners,Mexico, Paseo , High ,57100,1000,1200,685200, $890.76 ,596124,171300,424824.0,01/07/2014,7, July ,2014
Government,France, Paseo , High ,269600,1000,700,1887200," $2,453.36 ",1641864,1348000,293864.0,01/08/2014,8, August ,2014
Midmarket,Canada, Paseo , High ,156500,1000,1500,2347500," $3,051.75 ",2042325,1565000,477325.0,01/10/2014,10, October ,2014
Government,Canada, Paseo , High ,124900,1000,2000,2498000," $3,247.40 ",2173260,1249000,924260.0,01/10/2014,10, October ,2014
Government,Germany, Paseo , High ,35700,1000,35000,12495000," $16,243.50 ",10870650,9282000,1588650.0,01/11/2014,11, November ,2014
Channel Partners,Germany, Paseo , High ,101300,1000,1200,1215600," $1,580.28 ",1057572,303900,753672.0,01/12/2014,12, December ,2014
Midmarket,France, Velo , High ,399750,12000,1500,5996250," $7,795.13 ",5216738,3997500,1219238.0,01/01/2014,1, January ,2014
Government,Canada, Velo , High ,263200,12000,35000,92120000," $1,19,756.00 ",80144400,68432000,11712400.0,01/06/2014,6, June ,2014
Government,France, Velo , High ,119000,12000,700,833000," $1,082.90 ",724710,595000,129710.0,01/06/2014,6, June ,2014
Channel Partners,Mexico, Velo , High ,60400,12000,1200,724800, $942.24 ,630576,181200,449376.0,01/06/2014,6, June ,2014
Midmarket,Germany, Velo , High ,66000,12000,1500,990000," $1,287.00 ",861300,660000,201300.0,01/09/2013,9, September ,2013
Channel Partners,Mexico, Velo , High ,41000,12000,1200,492000, $639.60 ,428040,123000,305040.0,01/10/2014,10, October ,2014
Small Business,Mexico, Velo , High ,260500,12000,30000,78150000," $1,01,595.00 ",67990500,65125000,2865500.0,01/11/2013,11, November ,2013
Channel Partners,Germany, Velo , High ,101300,12000,1200,1215600," $1,580.28 ",1057572,303900,753672.0,01/12/2014,12, December ,2014
Enterprise,Canada, VTT , High ,158300,25000,12500,19787500," $25,723.75 ",17215125,18996000,1780875.0,01/06/2014,6, June ,2014
Midmarket,Canada, VTT , High ,156500,25000,1500,2347500," $3,051.75 ",2042325,1565000,477325.0,01/10/2014,10, October ,2014
Enterprise,Canada, Amarilla , High ,165900,26000,12500,20737500," $26,958.75 ",18041625,19908000,1866375.0,01/01/2014,1, January ,2014
Government,France, Amarilla , High ,119000,26000,700,833000," $1,082.90 ",724710,595000,129710.0,01/06/2014,6, June ,2014
Channel Partners,Mexico, Amarilla , High ,41000,26000,1200,492000, $639.60 ,428040,123000,305040.0,01/10/2014,10, October ,2014
Channel Partners,Germany, Amarilla , High ,177000,26000,1200,2124000," $2,761.20 ",1847880,531000,1316880.0,01/12/2013,12, December ,2013
Government,Mexico, Carretera , High ,257900,300,2000,5158000," $7,221.20 ",4435880,2579000,1856880.0,01/04/2014,4, April ,2014
Government,United States of America, Carretera , High ,174300,300,2000,3486000," $4,880.40 ",2997960,1743000,1254960.0,01/05/2014,5, May ,2014
Government,United States of America, Carretera , High ,299600,300,700,2097200," $2,936.08 ",1803592,1498000,305592.0,01/10/2013,10, October ,2013
Government,Germany, Carretera , High ,28000,300,700,196000, $274.40 ,168560,140000,28560.0,01/12/2014,12, December ,2014
Government,France, Montana , High ,29300,500,700,205100, $287.14 ,176386,146500,29886.0,01/02/2014,2, February ,2014
Government,United States of America, Montana , High ,299600,500,700,2097200," $2,936.08 ",1803592,1498000,305592.0,01/10/2013,10, October ,2013
Midmarket,Germany, Paseo , High ,27800,1000,1500,417000, $583.80 ,358620,278000,80620.0,01/02/2014,2, February ,2014
Government,Canada, Paseo , High ,242800,1000,2000,4856000," $6,798.40 ",4176160,2428000,1748160.0,01/03/2014,3, March ,2014
Midmarket,United States of America, Paseo , High ,176700,1000,1500,2650500," $3,710.70 ",2279430,1767000,512430.0,01/09/2014,9, September ,2014
Channel Partners,France, Paseo , High ,139300,1000,1200,1671600," $2,340.24 ",1437576,417900,1019676.0,01/10/2014,10, October ,2014
Government,Germany, VTT , High ,28000,25000,700,196000, $274.40 ,168560,140000,28560.0,01/12/2014,12, December ,2014
Channel Partners,France, Amarilla , High ,139300,26000,1200,1671600," $2,340.24 ",1437576,417900,1019676.0,01/10/2014,10, October ,2014
Channel Partners,United States of America, Amarilla , High ,201500,26000,1200,2418000," $3,385.20 ",2079480,604500,1474980.0,01/12/2013,12, December ,2013
Small Business,Mexico, Carretera , High ,80100,300,30000,24030000," $33,642.00 ",20665800,20025000,640800.0,01/07/2014,7, July ,2014
Enterprise,France, Carretera , High ,102300,300,12500,12787500," $17,902.50 ",10997250,12276000,1278750.0,01/09/2013,9, September ,2013
Small Business,Canada, Carretera , High ,149600,300,30000,44880000," $62,832.00 ",38596800,37400000,1196800.0,01/10/2014,10, October ,2014
Small Business,United States of America, Carretera , High ,101000,300,30000,30300000," $42,420.00 ",26058000,25250000,808000.0,01/10/2014,10, October ,2014
Midmarket,Germany, Carretera , High ,151300,300,1500,2269500," $3,177.30 ",1951770,1513000,438770.0,01/11/2014,11, November ,2014
Midmarket,Canada, Carretera , High ,230000,300,1500,3450000," $4,830.00 ",2967000,2300000,667000.0,01/12/2014,12, December ,2014
Enterprise,Mexico, Carretera , High ,282100,300,12500,35262500," $49,367.50 ",30325750,33852000,3526250.0,01/12/2013,12, December ,2013
Government,Canada, Montana , High ,222750,500,35000,77962500," $1,09,147.50 ",67047750,57915000,9132750.0,01/01/2014,1, January ,2014
Government,Germany, Montana , High ,119900,500,35000,41965000," $58,751.00 ",36089900,31174000,4915900.0,01/04/2014,4, April ,2014
Government,Canada, Montana , High ,20000,500,35000,7000000," $9,800.00 ",6020000,5200000,820000.0,01/05/2014,5, May ,2014
Government,Canada, Montana , High ,38800,500,700,271600, $380.24 ,233576,194000,39576.0,01/09/2014,9, September ,2014
Government,Mexico, Montana , High ,172700,500,700,1208900," $1,692.46 ",1039654,863500,176154.0,01/10/2013,10, October ,2013
Midmarket,Canada, Montana , High ,230000,500,1500,3450000," $4,830.00 ",2967000,2300000,667000.0,01/12/2014,12, December ,2014
Government,Mexico, Paseo , High ,26000,1000,2000,520000, $728.00 ,447200,260000,187200.0,01/02/2014,2, February ,2014
Midmarket,Canada, Paseo , High ,247000,1000,1500,3705000," $5,187.00 ",3186300,2470000,716300.0,01/09/2013,9, September ,2013
Midmarket,Canada, Paseo , High ,174300,1000,1500,2614500," $3,660.30 ",2248470,1743000,505470.0,01/10/2013,10, October ,2013
Channel Partners,United States of America, Paseo , High ,291400,1000,1200,3496800," $4,895.52 ",3007248,874200,2133048.0,01/10/2014,10, October ,2014
Government,France, Paseo , High ,173100,1000,700,1211700," $1,696.38 ",1042062,865500,176562.0,01/10/2014,10, October ,2014
Government,Canada, Paseo , High ,70000,1000,35000,24500000," $34,300.00 ",21070000,18200000,2870000.0,01/11/2014,11, November ,2014
Channel Partners,Canada, Paseo , High ,222200,1000,1200,2666400," $3,732.96 ",2293104,666600,1626504.0,01/11/2013,11, November ,2013
Government,United States of America, Paseo , High ,117700,1000,35000,41195000," $57,673.00 ",35427700,30602000,4825700.0,01/11/2014,11, November ,2014
Government,France, Paseo , High ,192200,1000,35000,67270000," $94,178.00 ",57852200,49972000,7880200.0,01/11/2013,11, November ,2013
Enterprise,Mexico, Velo , High ,157500,12000,12500,19687500," $27,562.50 ",16931250,18900000,1968750.0,01/02/2014,2, February ,2014
Government,United States of America, Velo , High ,60600,12000,2000,1212000," $1,696.80 ",1042320,606000,436320.0,01/04/2014,4, April ,2014
Small Business,United States of America, Velo , High ,246000,12000,30000,73800000," $1,03,320.00 ",63468000,61500000,1968000.0,01/07/2014,7, July ,2014
Small Business,Canada, Velo , High ,26900,12000,30000,8070000," $11,298.00 ",6940200,6725000,215200.0,01/10/2013,10, October ,2013
Small Business,Germany, Velo , High ,253600,12000,30000,76080000," $1,06,512.00 ",65428800,63400000,2028800.0,01/11/2013,11, November ,2013
Government,Mexico, VTT , High ,290300,25000,700,2032100," $2,844.94 ",1747606,1451500,296106.0,01/03/2014,3, March ,2014
Small Business,United States of America, VTT , High ,254100,25000,30000,76230000," $1,06,722.00 ",65557800,63525000,2032800.0,01/08/2014,8, August ,2014
Small Business,Canada, VTT , High ,26900,25000,30000,8070000," $11,298.00 ",6940200,6725000,215200.0,01/10/2013,10, October ,2013
Small Business,Canada, VTT , High ,149600,25000,30000,44880000," $62,832.00 ",38596800,37400000,1196800.0,01/10/2014,10, October ,2014
Small Business,United States of America, VTT , High ,101000,25000,30000,30300000," $42,420.00 ",26058000,25250000,808000.0,01/10/2014,10, October ,2014
Government,France, VTT , High ,128100,25000,35000,44835000," $62,769.00 ",38558100,33306000,5252100.0,01/12/2013,12, December ,2013
Small Business,Canada, Amarilla , High ,88800,26000,30000,26640000," $37,296.00 ",22910400,22200000,710400.0,01/03/2014,3, March ,2014
Enterprise,United States of America, Amarilla , High ,284400,26000,12500,35550000," $49,770.00 ",30573000,34128000,3555000.0,01/05/2014,5, May ,2014
Channel Partners,France, Amarilla , High ,247500,26000,1200,2970000," $4,158.00 ",2554200,742500,1811700.0,01/08/2014,8, August ,2014
Midmarket,Canada, Amarilla , High ,174300,26000,1500,2614500," $3,660.30 ",2248470,1743000,505470.0,01/10/2013,10, October ,2013
Channel Partners,United States of America, Amarilla , High ,291400,26000,1200,3496800," $4,895.52 ",3007248,874200,2133048.0,01/10/2014,10, October ,2014
Government,France, Amarilla , High ,173100,26000,700,1211700," $1,696.38 ",1042062,865500,176562.0,01/10/2014,10, October ,2014
Government,Mexico, Amarilla , High ,172700,26000,700,1208900," $1,692.46 ",1039654,863500,176154.0,01/10/2013,10, October ,2013
Midmarket,Mexico, Amarilla , High ,187000,26000,1500,2805000," $3,927.00 ",2412300,1870000,542300.0,01/11/2013,11, November ,2013
Enterprise,France, Carretera , High ,117400,300,12500,14675000," $22,012.50 ",12473750,14088000,1614250.0,01/08/2014,8, August ,2014
Enterprise,Germany, Carretera , High ,276700,300,12500,34587500," $51,881.25 ",29399375,33204000,3804625.0,01/08/2014,8, August ,2014
Enterprise,Germany, Carretera , High ,108500,300,12500,13562500," $20,343.75 ",11528125,13020000,1491875.0,01/10/2014,10, October ,2014
Small Business,Mexico, Montana , High ,54600,500,30000,16380000," $24,570.00 ",13923000,13650000,273000.0,01/10/2014,10, October ,2014
Government,Germany, Paseo , High ,115800,1000,2000,2316000," $3,474.00 ",1968600,1158000,810600.0,01/03/2014,3, March ,2014
Midmarket,Canada, Paseo , High ,161400,1000,1500,2421000," $3,631.50 ",2057850,1614000,443850.0,01/04/2014,4, April ,2014
Government,Mexico, Paseo , High ,253500,1000,700,1774500," $2,661.75 ",1508325,1267500,240825.0,01/04/2014,4, April ,2014
Government,Mexico, Paseo , High ,285100,1000,35000,99785000," $1,49,677.50 ",84817250,74126000,10691250.0,01/05/2014,5, May ,2014
Midmarket,Canada, Paseo , High ,255900,1000,1500,3838500," $5,757.75 ",3262725,2559000,703725.0,01/08/2014,8, August ,2014
Government,United States of America, Paseo , High ,26700,1000,2000,534000, $801.00 ,453900,267000,186900.0,01/10/2013,10, October ,2013
Enterprise,Germany, Paseo , High ,108500,1000,12500,13562500," $20,343.75 ",11528125,13020000,1491875.0,01/10/2014,10, October ,2014
Midmarket,Germany, Paseo , High ,117500,1000,1500,1762500," $2,643.75 ",1498125,1175000,323125.0,01/10/2014,10, October ,2014
Government,United States of America, Paseo , High ,200700,1000,35000,70245000," $1,05,367.50 ",59708250,52182000,7526250.0,01/11/2013,11, November ,2013
Government,Mexico, Paseo , High ,215100,1000,35000,75285000," $1,12,927.50 ",63992250,55926000,8066250.0,01/11/2013,11, November ,2013
Channel Partners,United States of America, Paseo , High ,91400,1000,1200,1096800," $1,645.20 ",932280,274200,658080.0,01/12/2014,12, December ,2014
Government,France, Paseo , High ,29300,1000,2000,586000, $879.00 ,498100,293000,205100.0,01/12/2014,12, December ,2014
Channel Partners,Mexico, Velo , High ,50000,12000,1200,600000, $900.00 ,510000,150000,360000.0,01/03/2014,3, March ,2014
Midmarket,France, Velo , High ,282600,12000,1500,4239000," $6,358.50 ",3603150,2826000,777150.0,01/05/2014,5, May ,2014
Enterprise,France, Velo , High ,66300,12000,12500,8287500," $12,431.25 ",7044375,7956000,911625.0,01/09/2014,9, September ,2014
Small Business,United States of America, Velo , High ,257400,12000,30000,77220000," $1,15,830.00 ",65637000,64350000,1287000.0,01/11/2013,11, November ,2013
Enterprise,United States of America, Velo , High ,243800,12000,12500,30475000," $45,712.50 ",25903750,29256000,3352250.0,01/12/2013,12, December ,2013
Channel Partners,United States of America, Velo , High ,91400,12000,1200,1096800," $1,645.20 ",932280,274200,658080.0,01/12/2014,12, December ,2014
Government,Canada, VTT , High ,86550,25000,2000,1731000," $2,596.50 ",1471350,865500,605850.0,01/07/2014,7, July ,2014
Midmarket,Germany, VTT , High ,49200,25000,1500,738000," $1,107.00 ",627300,492000,135300.0,01/07/2014,7, July ,2014
Government,United States of America, VTT , High ,26700,25000,2000,534000, $801.00 ,453900,267000,186900.0,01/10/2013,10, October ,2013
Midmarket,Germany, VTT , High ,117500,25000,1500,1762500," $2,643.75 ",1498125,1175000,323125.0,01/10/2014,10, October ,2014
Enterprise,Canada, VTT , High ,295400,25000,12500,36925000," $55,387.50 ",31386250,35448000,4061750.0,01/11/2013,11, November ,2013
Enterprise,Germany, VTT , High ,55200,25000,12500,6900000," $10,350.00 ",5865000,6624000,759000.0,01/11/2014,11, November ,2014
Government,France, VTT , High ,29300,25000,2000,586000, $879.00 ,498100,293000,205100.0,01/12/2014,12, December ,2014
Small Business,France, Amarilla , High ,247500,26000,30000,74250000," $1,11,375.00 ",63112500,61875000,1237500.0,01/03/2014,3, March ,2014
Small Business,Mexico, Amarilla , High ,54600,26000,30000,16380000," $24,570.00 ",13923000,13650000,273000.0,01/10/2014,10, October ,2014
Government,Mexico, Montana , High ,136800,500,700,957600," $1,436.40 ",813960,684000,129960.0,01/02/2014,2, February ,2014
Government,Canada, Paseo , High ,72300,1000,700,506100, $759.15 ,430185,361500,68685.0,01/04/2014,4, April ,2014
Channel Partners,United States of America, VTT , High ,180600,25000,1200,2167200," $3,250.80 ",1842120,541800,1300320.0,01/05/2014,5, May ,2014
